source,target,weight,relationship
Neha Kakkar,Sunidhi Chauhan,1,artist_artist
I Prevail,ILLENIUM,1,artist_artist
Nikhita Gandhi,Tanishk Bagchi,2,artist_artist
A.R. Rahman,Gulzar,3,artist_artist
Wiener Sängerknaben,phil Blech Wien,3,artist_artist
Arijit Singh,Sukriti Kakar,1,artist_artist
Alessia Cara,Andrés Calamaro,1,artist_artist
Cosmic Gate,Diana Miro,3,artist_artist
Charli XCX,Tove Lo,1,artist_artist
Ellie Goulding,Juice WRLD,4,artist_artist
Atif Aslam,Harshdeep Kaur,1,artist_artist
Anne-Marie,Doja Cat,1,artist_artist
A Boogie Wit da Hoodie,David Guetta,3,artist_artist
ILLENIUM,Quinn XCII,1,artist_artist
Pharrell Williams,Sky,1,artist_artist
G-Eazy,Jack Harlow,1,artist_artist
Chencho Corleone,Rauw Alejandro,2,artist_artist
Armaan Malik,Asees Kaur,1,artist_artist
Marisa Monte,Nação Zumbi,1,artist_artist
Camilo,Dimitri Vegas,1,artist_artist
Clean Bandit,iann dior,2,artist_artist
Icona Pop,Tove Lo,1,artist_artist
Armaan Malik,Pritam,2,artist_artist
J Balvin,ROSALÍA,1,artist_artist
Pritam,Romy,2,artist_artist
Jonas Blue,R3HAB,1,artist_artist
BTS,Sia,1,artist_artist
Cheat Codes,Demi Lovato,1,artist_artist
Rampa,Solomun,1,artist_artist
Dylan Matthew,R3HAB,1,artist_artist
Anne-Marie,Sean Paul,5,artist_artist
Charlie Puth,Sasha Alex Sloan,1,artist_artist
Dimitri Vegas,Wiz Khalifa,1,artist_artist
Gorgon City,Stevie Appleton,1,artist_artist
Kiiara,SLANDER,2,artist_artist
Don Diablo,Galantis,1,artist_artist
KSHMR,Yves V,1,artist_artist
David Guetta,Sam Smith,1,artist_artist
DaBaby,Dua Lipa,5,artist_artist
Don Omar,Sharlene Taule,1,artist_artist
Nucleya,Sukriti Kakar,1,artist_artist
Badshah,Payal Dev,6,artist_artist
KSHMR,Lost Stories,1,artist_artist
Manuel Turizo,Rauw Alejandro,2,artist_artist
Rema,Selena Gomez,1,artist_artist
Justin Jesso,Kygo,1,artist_artist
Daddy Yankee,KAROL G,2,artist_artist
Anirudh Ravichander,Nikhita Gandhi,1,artist_artist
Bad Bunny,Darell,2,artist_artist
Drake,PARTYNEXTDOOR,1,artist_artist
Foxes,Zedd,3,artist_artist
Myke Towers,Selena Gomez,1,artist_artist
Coldplay,The Chainsmokers,2,artist_artist
Ankur Tewari,Nikhil Vasudevan,1,artist_artist
Alok,KSHMR,2,artist_artist
Charlie Puth,Selena Gomez,2,artist_artist
Armand Van Helden,Kideko,1,artist_artist
Payal Dev,Rahat Fateh Ali Khan,1,artist_artist
Atif Aslam,Chinmayi,2,artist_artist
Hardwell,Mike Williams,1,artist_artist
Bad Bunny,Dua Lipa,4,artist_artist
Nacho,TINI,4,artist_artist
Alok,Marshmello,1,artist_artist
Chinmayi,Pritam,1,artist_artist
Daddy Yankee,Major Lazer,1,artist_artist
DJ Snake,Travis Scott,1,artist_artist
Asees Kaur,Meet Bros.,1,artist_artist
Chris Brown,Konshens,1,artist_artist
Kausar Munir,Lothika,4,artist_artist
Clinton Cerejo,DJ Aftab,1,artist_artist
Dia Frampton,Jason Ross,4,artist_artist
The Weeknd,Ty Dolla $ign,3,artist_artist
Charlie Puth,HUGEL,1,artist_artist
Benny Benassi,Tiësto,1,artist_artist
ILLENIUM,NGHTMRE,1,artist_artist
Anupam Roy,Shreya Ghoshal,2,artist_artist
Daddy Yankee,Nicky Jam,2,artist_artist
G-Eazy,Martin Garrix,1,artist_artist
DIVINE,Stylo G,1,artist_artist
Florida Georgia Line,Russell Dickerson,1,artist_artist
Jaume Berenguer,Juan Magán,1,artist_artist
Amaal Mallik,Tanishk Bagchi,1,artist_artist
Anitta,Justin Quiles,1,artist_artist
BTS,Megan Thee Stallion,1,artist_artist
070 Shake,Swedish House Mafia,1,artist_artist
Jonas Brothers,Sebastian Yatra,2,artist_artist
Lunay,Rauw Alejandro,1,artist_artist
Camila Cabello,Ed Sheeran,2,artist_artist
Maluma,Sech,3,artist_artist
J Balvin,Nio Garcia,1,artist_artist
INNA,Yves V,1,artist_artist
Chris Lake,Green Velvet,1,artist_artist
Arijit Singh,Chinmayi,3,artist_artist
French Montana,Juicy J,1,artist_artist
24kGoldn,Mabel,1,artist_artist
Bebe Rexha,G-Eazy,1,artist_artist
Demi Lovato,blackbear,1,artist_artist
Public Enemy,The Prodigy,1,artist_artist
Alok,Stefy De Cicco,1,artist_artist
Daddy Yankee,Justin Bieber,5,artist_artist
Becky G,Natti Natasha,6,artist_artist
Darell,J Balvin,2,artist_artist
Clinton Cerejo,Shankar,1,artist_artist
Amit Trivedi,Palak Muchhal,1,artist_artist
David Guetta,Nicki Minaj,2,artist_artist
A Touch Of Class,R3HAB,2,artist_artist
Anitta,Saweetie,2,artist_artist
DJ Snake,Sean Paul,3,artist_artist
CHVRCHES,Marshmello,1,artist_artist
Arko,Palak Muchhal,1,artist_artist
Lil Baby,Topic,2,artist_artist
Danna Paola,Joey Montana,1,artist_artist
Nico Santos,Robin Schulz,4,artist_artist
Amitabh Bhattacharya,Shreya Ghoshal,1,artist_artist
Alisha Chinai,KK,1,artist_artist
Alan Walker,Alok,1,artist_artist
HRVY,Matoma,1,artist_artist
Leiva,Sebastian Yatra,1,artist_artist
EVAN GIIA,Nooran Sisters,1,artist_artist
De La Ghetto,Randy,1,artist_artist
Haze,KAROL G,1,artist_artist
Jaume Berenguer,Luciana,1,artist_artist
Brennan Heart,Yellow Claw,1,artist_artist
James Hype,Miggy Dela Rosa,14,artist_artist
Anirudh Ravichander,Santhosh Narayanan,1,artist_artist
Kanye West,Ty Dolla $ign,3,artist_artist
Maluma,Swae Lee,1,artist_artist
ILLENIUM,Skylar Grey,4,artist_artist
Mismatched,Sickflip,2,artist_artist
Salim Merchant,Shreya Ghoshal,2,artist_artist
Gorgon City,MK,1,artist_artist
BEAUZ,Krewella,1,artist_artist
David Guetta,Galantis,1,artist_artist
Belinda,TINI,3,artist_artist
David Penn,Todd Terry,1,artist_artist
Bad Bunny,Nicky Jam,2,artist_artist
James Carter,MKLA,1,artist_artist
Amaal Mallik,Armaan Malik,12,artist_artist
Herbie Mann,João Gilberto,1,artist_artist
Anitta,Swae Lee,2,artist_artist
DJ Snake,Zedd,1,artist_artist
B Praak,Romy,3,artist_artist
EVAN GIIA,ILLENIUM,2,artist_artist
KSHMR,Stefy De Cicco,1,artist_artist
Troye Sivan,Zedd,1,artist_artist
Yves V,Zaeden,1,artist_artist
Sonu Nigam,Sunidhi Chauhan,2,artist_artist
KIDDO,Wiz Khalifa,1,artist_artist
Bea Miller,League of Legends,1,artist_artist
Jeremy Zucker,Said The Sky,1,artist_artist
Jamie Jones,Vintage Culture,1,artist_artist
Marshmello,Tiësto,1,artist_artist
Ankur Tewari,Prateek Kuhad,1,artist_artist
DJ Snake,Tchami,1,artist_artist
MOTi,Martin Garrix,2,artist_artist
Mark Knight,Sultan + Shepard,1,artist_artist
Nicki Minaj,Stylo G,2,artist_artist
Jasmine Thompson,Robin Schulz,1,artist_artist
Don Diablo,Tiësto,1,artist_artist
Clean Bandit,Rita Ora,1,artist_artist
24kGoldn,Clean Bandit,1,artist_artist
A.R. Rahman,Tanishk Bagchi,1,artist_artist
Alessia Cara,Camilo,1,artist_artist
John Martin,Martin Garrix,3,artist_artist
Caetano Veloso,Gilberto Gil,3,artist_artist
Anitta,Ferrugem,1,artist_artist
Arijit Singh,Gulzar,1,artist_artist
Calvin Harris,Halsey,3,artist_artist
Jubin Nautiyal,Palak Muchhal,2,artist_artist
A Boogie Wit da Hoodie,Bebe Rexha,3,artist_artist
Armin van Buuren,Owl City,3,artist_artist
Guaynaa,Mariah Angeliq,8,artist_artist
Charli XCX,Cobra Starship,1,artist_artist
Belinda,Enrique Iglesias,1,artist_artist
070 Shake,Ty Dolla $ign,1,artist_artist
KAROL G,Maluma,2,artist_artist
Kendrick Lamar,Skrillex,1,artist_artist
ILLENIUM,Jon Bellion,7,artist_artist
Rivers Cuomo,The Knocks,5,artist_artist
Atif Aslam,Palak Muchhal,1,artist_artist
Kailash Kher,Salim–Sulaiman,1,artist_artist
Goodboys,MEDUZA,11,artist_artist
Cali Y El Dandee,Juan Magán,1,artist_artist
Arjun Kanungo,Pritam,1,artist_artist
Jem Cooke,Todd Terry,1,artist_artist
Guaynaa,Mala Rodríguez,1,artist_artist
Grey,Maren Morris,4,artist_artist
Diplo,TroyBoi,1,artist_artist
Ella Henderson,Just Kiddin,2,artist_artist
Diplo,Dua Lipa,1,artist_artist
Gucci Mane,Ty Dolla $ign,1,artist_artist
A.R. Rahman,Jonita Gandhi,1,artist_artist
John Martin,Swedish House Mafia,9,artist_artist
Kailash Kher,Paresh Kamath,9,artist_artist
Jonita Gandhi,Sid Sriram,2,artist_artist
Enrique Iglesias,Zion & Lennox,1,artist_artist
Nile Rodgers,Pharrell Williams,2,artist_artist
Don Diablo,Keanu Silva,1,artist_artist
Bryant Myers,Noriel,1,artist_artist
A$AP Rocky,G-Eazy,1,artist_artist
Akon,Vishal Dadlani,1,artist_artist
Alida,R3HAB,1,artist_artist
Amitabh Bhattacharya,Harshdeep Kaur,1,artist_artist
Jason Derulo,Nicki Minaj,1,artist_artist
Karan Kanchan,Ritviz,2,artist_artist
KK,Sunidhi Chauhan,2,artist_artist
Jhayco,Nio Garcia,1,artist_artist
Future,Gunna,7,artist_artist
Myke Towers,Sebastian Yatra,5,artist_artist
Anuel AA,Ozuna,4,artist_artist
Alka Yagnik,Sonu Nigam,7,artist_artist
Arijit Singh,Harshdeep Kaur,3,artist_artist
Juan Magán,Stefflon Don,1,artist_artist
Nora En Pure,Tove Lo,1,artist_artist
Drake,Roy Woods,2,artist_artist
Armaan Malik,Rashmi Virag,4,artist_artist
Can Bonomo,Sertab Erener,2,artist_artist
René LaVice,The Prodigy,2,artist_artist
Daddy Yankee,Don Omar,2,artist_artist
Amaal Mallik,Rashmi Virag,4,artist_artist
Luis Fonsi,Pedro Capó,1,artist_artist
&ME,Rampa,5,artist_artist
Axwell,Faithless,1,artist_artist
Shilpa Rao,Shreya Ghoshal,1,artist_artist
Kanye West,Skrillex,3,artist_artist
GIMS,Lil Wayne,1,artist_artist
Armaan Malik,Salim–Sulaiman,1,artist_artist
Greeicy,TINI,2,artist_artist
Julia Michaels,Matoma,1,artist_artist
Anurag Saikia,Mismatched,1,artist_artist
Glenn Danzig,Misfits,3,artist_artist
Jonita Gandhi,Lost Stories,1,artist_artist
Chinmayi,Karthik,2,artist_artist
Arko,Benny Dayal,1,artist_artist
MGMT,Steve Aoki,1,artist_artist
DJ Snake,Tyga,4,artist_artist
David Guetta,Robin Schulz,11,artist_artist
Duke Dumont,Zak Abel,3,artist_artist
Calvin Harris,Ellie Goulding,2,artist_artist
Chelsea Cutler,Said The Sky,2,artist_artist
Rauw Alejandro,Selena Gomez,3,artist_artist
Asking Alexandria,SLANDER,1,artist_artist
BYOR,Imanbek,1,artist_artist
Arivu,Dhee,1,artist_artist
J Balvin,Maria Becerra,14,artist_artist
6LACK,Zoe Wees,1,artist_artist
Phoebe Bridgers,The Killers,1,artist_artist
Post Malone,Tiësto,4,artist_artist
Shreya Ghoshal,Udit Narayan,3,artist_artist
Arijit Singh,Nucleya,1,artist_artist
Akanksha Bhandari,Jasleen Royal,1,artist_artist
Marshmello,Tyga,1,artist_artist
Atif Aslam,Neha Kakkar,1,artist_artist
Bad Bunny,Daddy Yankee,20,artist_artist
Arko,Sukriti Kakar,1,artist_artist
Juicy J,Marshmello,3,artist_artist
Daddy Yankee,Sech,2,artist_artist
Darell,Jhayco,1,artist_artist
Conor Maynard,Robert Falcon,1,artist_artist
Anton Mittermayr,phil Blech Wien,17,artist_artist
Hardwell,Matthew Koma,1,artist_artist
Innellea,Stephan Bodzin,2,artist_artist
Amitabh Bhattacharya,Arijit Singh,12,artist_artist
Jhayco,Ozuna,1,artist_artist
Asees Kaur,Benny Dayal,1,artist_artist
Nucleya,Tanishk Bagchi,1,artist_artist
Darell,De La Ghetto,1,artist_artist
Juanes,Yera,1,artist_artist
The Prodigy,Zeds Dead,1,artist_artist
Diplo,French Montana,1,artist_artist
El Alfa,Lil Jon,2,artist_artist
Bastille,Marshmello,13,artist_artist
DJ Snake,Yellow Claw,2,artist_artist
Gryffin,OneRepublic,2,artist_artist
Armin van Buuren,Timmy Trumpet,1,artist_artist
Becky Hill,Oliver Heldens,1,artist_artist
Rahat Fateh Ali Khan,Shreya Ghoshal,2,artist_artist
Bad Bunny,KAROL G,4,artist_artist
Dhee,Santhosh Narayanan,3,artist_artist
Alejandro Sanz,Shakira,1,artist_artist
FKA twigs,Jorja Smith,1,artist_artist
Said The Sky,William Black,1,artist_artist
Dabin,Lights,3,artist_artist
Becky Hill,Matoma,1,artist_artist
A.R. Rahman,Sanah Moidutty,1,artist_artist
Nathan Nicholson,Sultan + Shepard,1,artist_artist
The Glitch Mob,The White Stripes,1,artist_artist
Juan Magán,Sebastian Yatra,1,artist_artist
Benny Dayal,Yuvan Shankar Raja,3,artist_artist
BTS,Jason Derulo,1,artist_artist
Justin Quiles,Zion & Lennox,1,artist_artist
Like Mike,Martin Garrix,2,artist_artist
Sebastian Yatra,Yandel,2,artist_artist
Arijit Singh,Meet Bros.,5,artist_artist
Doja Cat,Sia,1,artist_artist
Maluma,Nicky Jam,4,artist_artist
Natti Natasha,Wisin & Yandel,1,artist_artist
Monali Thakur,Pritam,2,artist_artist
Ava Max,Jonas Blue,1,artist_artist
The Chainsmokers,Tove Lo,1,artist_artist
Amit Trivedi,Shreya Ghoshal,3,artist_artist
Juan Magán,Mariah Angeliq,1,artist_artist
Afrojack,Nicki Minaj,2,artist_artist
Gulzar,Shreya Ghoshal,1,artist_artist
Abel Pintos,Juanes,4,artist_artist
Diplo,Major Lazer,2,artist_artist
Badshah,Sachin-Jigar,1,artist_artist
Chris Brown,Marshmello,1,artist_artist
MOTi,Nucleya,1,artist_artist
Martin Garrix,Zedd,2,artist_artist
Badshah,Sukhwinder Singh,1,artist_artist
K-391,Tungevaag,1,artist_artist
ARTBAT,WhoMadeWho,1,artist_artist
BEAUZ,Karra,1,artist_artist
Becky Hill,Just Kiddin,1,artist_artist
Amit Trivedi,Nikhil D'Souza,1,artist_artist
Like Mike,Sebastian Yatra,1,artist_artist
Alan Walker,Steve Aoki,2,artist_artist
Excision,Sullivan King,3,artist_artist
Clean Bandit,Zara Larsson,2,artist_artist
Katy Perry,Pharrell Williams,1,artist_artist
Anitta,Maluma,2,artist_artist
Travis Scott,Young Thug,2,artist_artist
JP Cooper,Jonas Blue,4,artist_artist
Fall Out Boy,Macklemore,2,artist_artist
Alle Farben,Clinton Kane,1,artist_artist
Major Lazer,Nicki Minaj,1,artist_artist
Halsey,Travis Barker,1,artist_artist
LISA,Megan Thee Stallion,2,artist_artist
Ava Max,Robin Schulz,1,artist_artist
G-Eazy,Tyga,2,artist_artist
Kausar Munir,Shalmali Kholgade,1,artist_artist
French Montana,Nicky Jam,1,artist_artist
Nacho,Noriel,2,artist_artist
Sukriti Kakar,Tanishk Bagchi,1,artist_artist
SLANDER,Tiësto,1,artist_artist
Halsey,The Chainsmokers,1,artist_artist
Juan Magán,Luciana,1,artist_artist
Cardi B,Ozuna,3,artist_artist
Gunna,Lil Baby,1,artist_artist
Natti Natasha,Sech,2,artist_artist
Sasha,The Chemical Brothers,1,artist_artist
Georgia Ku,Raaban,1,artist_artist
Bad Bunny,Nacho,2,artist_artist
Mathame,Tale Of Us,1,artist_artist
SLANDER,William Black,1,artist_artist
Pharrell Williams,Snoop Dogg,3,artist_artist
Jaume Berenguer,Joey Montana,1,artist_artist
Eptic,Juicy J,2,artist_artist
J Balvin,Mr Eazi,2,artist_artist
Cobra Starship,Icona Pop,3,artist_artist
Aloe Blacc,Zedd,1,artist_artist
Harshdeep Kaur,Neha Kakkar,1,artist_artist
Marshmello,Noah Cyrus,1,artist_artist
Clean Bandit,Sean Paul,5,artist_artist
Icona Pop,VIZE,1,artist_artist
John Mayer,Katy Perry,1,artist_artist
Alejandro Sanz,Juanes,2,artist_artist
ILLENIUM,JVKE,1,artist_artist
Sunidhi Chauhan,Vishal Dadlani,2,artist_artist
Shankar,Sukhwinder Singh,1,artist_artist
Nikhil Vasudevan,Prateek Kuhad,1,artist_artist
Keanu Silva,Tiësto,1,artist_artist
Harshdeep Kaur,Palak Muchhal,1,artist_artist
DJ Snake,Sech,2,artist_artist
Gorgon City,Laura Welsh,1,artist_artist
Bad Bunny,Jhayco,25,artist_artist
DJ Shadow,Machinedrum,1,artist_artist
Gagan Mudgal,Nucleya,2,artist_artist
ILLENIUM,The Chainsmokers,3,artist_artist
Oliver Heldens,Tchami,1,artist_artist
Alan Walker,Imanbek,1,artist_artist
Mae Muller,Marshmello,1,artist_artist
Dua Lipa,Young Thug,2,artist_artist
Reik,TINI,2,artist_artist
Marshmello,YUNGBLUD,1,artist_artist
Kideko,SHELLS,1,artist_artist
French Montana,Mariah Angeliq,1,artist_artist
Felix Jaehn,VIZE,2,artist_artist
Doja Cat,The Weeknd,1,artist_artist
Calvin Harris,Jorja Smith,1,artist_artist
Darell,Ozuna,4,artist_artist
Sebastian Yatra,TINI,2,artist_artist
Drake,Wizkid,3,artist_artist
Afrojack,Thirty Seconds To Mars,1,artist_artist
Daddy Yankee,Lunay,1,artist_artist
Amit Trivedi,B Praak,1,artist_artist
J Balvin,Pharrell Williams,2,artist_artist
Lunay,Natti Natasha,1,artist_artist
Machine Gun Kelly,YUNGBLUD,3,artist_artist
Burna Boy,Khalid,1,artist_artist
Icona Pop,Just Kiddin,1,artist_artist
Armin van Buuren,Trevor Guthrie,1,artist_artist
A.R. Rahman,Badshah,1,artist_artist
BTS,Charli XCX,1,artist_artist
Charles Gounod,石丸由佳,1,artist_artist
Amaal Mallik,Asees Kaur,1,artist_artist
Burna Boy,Stormzy,5,artist_artist
Badshah,Nikhita Gandhi,2,artist_artist
ILLENIUM,"nothing,nowhere.",1,artist_artist
Pritam,Sonu Nigam,7,artist_artist
MKLA,Stefy De Cicco,1,artist_artist
Arko,Badshah,1,artist_artist
Arcangel,Bad Bunny,2,artist_artist
R3HAB,Reik,2,artist_artist
J Balvin,Ozuna,11,artist_artist
Arcangel,Jhayco,1,artist_artist
A.R. Rahman,Shweta Mohan,1,artist_artist
J Balvin,Natti Natasha,2,artist_artist
HUGEL,Willy William,1,artist_artist
Kygo,OneRepublic,4,artist_artist
Anirudh Ravichander,Shreya Ghoshal,2,artist_artist
Sukhwinder Singh,Sunidhi Chauhan,1,artist_artist
Péricles,Thiaguinho,2,artist_artist
Lyanno,Noriel,2,artist_artist
J Balvin,KEVVO,1,artist_artist
Fall Out Boy,Juicy J,1,artist_artist
Atif Aslam,Pritam,9,artist_artist
MKLA,Vini Vici,1,artist_artist
Daya,ILLENIUM,3,artist_artist
The Knocks,Totally Enormous Extinct Dinosaurs,2,artist_artist
Justin Timberlake,Pharrell Williams,3,artist_artist
KAROL G,Nicky Jam,4,artist_artist
Lamb of God,Megadeth,1,artist_artist
Julieta Venegas,Tainy,1,artist_artist
Kailash Kher,Pritam,1,artist_artist
A.R. Rahman,Chinmayi,3,artist_artist
Sam Feldt,iann dior,2,artist_artist
GIMS,Ozuna,1,artist_artist
Alisha Chinai,Gulzar,1,artist_artist
League of Legends,Porter Robinson,1,artist_artist
KSHMR,Karra,3,artist_artist
A.R. Rahman,Udit Narayan,1,artist_artist
KSHMR,MKLA,1,artist_artist
BaianaSystem,Gilberto Gil,1,artist_artist
Dua Lipa,R3HAB,1,artist_artist
Lost Stories,Zaeden,1,artist_artist
Cali Y El Dandee,Sebastian Yatra,3,artist_artist
Arijit Singh,Sunidhi Chauhan,3,artist_artist
Bad Bunny,Natti Natasha,2,artist_artist
Ivan Ferreiro,Leiva,2,artist_artist
De La Ghetto,Rauw Alejandro,1,artist_artist
Neha Kakkar,Shreya Ghoshal,1,artist_artist
Lights,Timmy Trumpet,1,artist_artist
Nucleya,Ritviz,4,artist_artist
Armaan Malik,Tanishk Bagchi,1,artist_artist
G-Eazy,blackbear,1,artist_artist
Charli XCX,Saweetie,1,artist_artist
Jonita Gandhi,Pritam,14,artist_artist
Shankar Mahadevan,Shreya Ghoshal,2,artist_artist
KSHMR,Tiësto,3,artist_artist
Tyga,Yellow Claw,1,artist_artist
Halsey,Marshmello,3,artist_artist
ARTBAT,Pete Tong,1,artist_artist
Lauana Prado,MC Hariel,2,artist_artist
Greeicy,Nacho,2,artist_artist
Asees Kaur,Sukriti Kakar,1,artist_artist
Adriatique,Stephan Bodzin,1,artist_artist
Astrid S,R3HAB,1,artist_artist
Skrillex,TroyBoi,1,artist_artist
Hiphop Tamizha,Sid Sriram,1,artist_artist
Jax Jones,Joel Corry,1,artist_artist
Sean Paul,Tainy,2,artist_artist
AKASA,Sachin-Jigar,1,artist_artist
Carnage,Timmy Trumpet,1,artist_artist
Jaideep Sahni,Salim–Sulaiman,7,artist_artist
Galantis,Pink Sweat$,2,artist_artist
Jonas Brothers,Marshmello,4,artist_artist
Polo G,Skylar Grey,2,artist_artist
Benny Benassi,Jonas Blue,1,artist_artist
Paul van Dyk,Robin Schulz,4,artist_artist
DIVINE,Jeremy Oceans,1,artist_artist
KIDDO,Ofenbach,1,artist_artist
De La Ghetto,Jhayco,1,artist_artist
Kavita Seth,Shreya Ghoshal,1,artist_artist
Duke Dumont,Gorgon City,1,artist_artist
Midival Punditz,Raghu Dixit,1,artist_artist
KK,Yuvan Shankar Raja,1,artist_artist
Karsh Kale,Midival Punditz,1,artist_artist
Alka Yagnik,Arijit Singh,3,artist_artist
Ashwin Adwani,Jonita Gandhi,1,artist_artist
Emicida,Lenine,1,artist_artist
King,Salim–Sulaiman,1,artist_artist
GIMS,Maluma,1,artist_artist
Amitabh Bhattacharya,Salim–Sulaiman,12,artist_artist
Anne-Marie,Saweetie,1,artist_artist
Ozuna,TINI,2,artist_artist
Ferrugem,Mumuzinho,3,artist_artist
Anuel AA,Wisin,1,artist_artist
SLANDER,Said The Sky,1,artist_artist
Amaal Mallik,Nucleya,1,artist_artist
Arijit Singh,Jasleen Royal,2,artist_artist
Blanke,Chelsea Cutler,1,artist_artist
Bonobo,Joji,2,artist_artist
Nikhil D'Souza,Sukhwinder Singh,1,artist_artist
EVAN GIIA,Snakehips,1,artist_artist
Alejandro Sanz,Camila Cabello,3,artist_artist
Juice WRLD,Rvssian,1,artist_artist
Camilo,KAROL G,1,artist_artist
Nicky Jam,Ozuna,5,artist_artist
Benny Benassi,Rita Ora,1,artist_artist
Bad Bunny,Chencho Corleone,1,artist_artist
Jonita Gandhi,Zaeden,1,artist_artist
Bebe Rexha,Martin Garrix,2,artist_artist
Dua Lipa,Saweetie,1,artist_artist
Alan Walker,Da Tweekaz,1,artist_artist
Drake,Jack Harlow,9,artist_artist
Dr. Dre,Snoop Dogg,3,artist_artist
Ofenbach,Robin Schulz,1,artist_artist
DJ Snake,Skrillex,1,artist_artist
ILLENIUM,Spiritbox,3,artist_artist
Akon,Snoop Dogg,4,artist_artist
Don Omar,Trebol Clan,1,artist_artist
Jon Bellion,Tiësto,2,artist_artist
Lil Baby,Travis Scott,1,artist_artist
Bad Bunny,Sech,1,artist_artist
Big Sean,Quinn XCII,1,artist_artist
Alka Yagnik,Tanishk Bagchi,1,artist_artist
Nacho,Wisin,2,artist_artist
Said The Sky,The Maine,1,artist_artist
Arko,Asees Kaur,2,artist_artist
BTS,SUGA,2,artist_artist
Royal & the Serpent,The Knocks,5,artist_artist
A7S,Raaban,1,artist_artist
Charli XCX,Jax Jones,1,artist_artist
Gorgon City,Snakehips,1,artist_artist
Bipolar Sunshine,DJ Snake,4,artist_artist
Major Lazer,Rashmeet Kaur,2,artist_artist
Payal Dev,Rashmi Virag,1,artist_artist
Arijit Singh,Rahat Fateh Ali Khan,1,artist_artist
Kareen Lomax,Rudimental,1,artist_artist
Justin Quiles,Sech,3,artist_artist
Alan Walker,Trevor Guthrie,1,artist_artist
Daddy Yankee,Jhayco,2,artist_artist
Rauw Alejandro,Rvssian,1,artist_artist
Kygo,Zoe Wees,1,artist_artist
Farruko,Natti Natasha,1,artist_artist
Amitabh Bhattacharya,Sonu Nigam,2,artist_artist
Georgia Ku,MOTi,1,artist_artist
Damian Marley,Wizkid,1,artist_artist
Anne-Marie,Don Diablo,1,artist_artist
ILLENIUM,SLANDER,2,artist_artist
DIVINE,KSHMR,1,artist_artist
Alejandro Sanz,Belinda,1,artist_artist
Snoop Dogg,Wiz Khalifa,7,artist_artist
Arcangel,Ozuna,5,artist_artist
Matthew Koma,Zedd,2,artist_artist
Anirudh Ravichander,Sunidhi Chauhan,2,artist_artist
&ME,Solomun,1,artist_artist
Natti Natasha,Sebastian Yatra,2,artist_artist
Amaal Mallik,Arko,1,artist_artist
Mustard,The Weeknd,1,artist_artist
Amit Trivedi,Vishal Dadlani,2,artist_artist
Pritam,Shilpa Rao,14,artist_artist
Alok,Bruno Martini,1,artist_artist
Don Diablo,Trevor Daniel,1,artist_artist
Justin Quiles,Nicky Jam,3,artist_artist
Roop Kumar Rathod,Sonu Nigam,1,artist_artist
Lauv,Troye Sivan,1,artist_artist
Fall Out Boy,Martin Garrix,2,artist_artist
Gulzar,Sukhwinder Singh,1,artist_artist
Santhosh Narayanan,Shweta Mohan,1,artist_artist
Jason Ross,SLANDER,1,artist_artist
DJ Pierre,Green Velvet,1,artist_artist
Solomun,Stephan Bodzin,1,artist_artist
Halsey,Thirty Seconds To Mars,1,artist_artist
Armaan Malik,Sonu Nigam,1,artist_artist
R3HAB,ZAYN,1,artist_artist
Asees Kaur,Pritam,1,artist_artist
Eptic,Lil Jon,1,artist_artist
Belinda,Lapiz Conciente,3,artist_artist
LCD Soundsystem,Soulwax,1,artist_artist
Ashwin Adwani,Lost Stories,1,artist_artist
Calvin Harris,DJ Snake,1,artist_artist
Sabrina Carpenter,Zara Larsson,1,artist_artist
BTS,Snoop Dogg,1,artist_artist
Chelsea Cutler,Jeremy Zucker,1,artist_artist
Future,Megan Thee Stallion,9,artist_artist
CNCO,Meghan Trainor,1,artist_artist
Megan Thee Stallion,Ozuna,2,artist_artist
J Balvin,Sky,1,artist_artist
Dalex,Feid,2,artist_artist
Badshah,Neeti Mohan,1,artist_artist
Arko,Harshdeep Kaur,1,artist_artist
Anuel AA,Enrique Iglesias,1,artist_artist
Salim–Sulaiman,Shilpa Rao,1,artist_artist
Badshah,Sukriti Kakar,3,artist_artist
Becky Hill,Topic,6,artist_artist
Seedhe Maut,Sez on the Beat,6,artist_artist
Nicky Jam,Plan B,1,artist_artist
Natti Natasha,Rauw Alejandro,1,artist_artist
James Carter,Robin Schulz,1,artist_artist
Kausar Munir,Pritam,1,artist_artist
Charli XCX,Joel Corry,1,artist_artist
Fetty Wap,Snoop Dogg,1,artist_artist
Abel Pintos,Shakira,4,artist_artist
Bebe Rexha,J Balvin,2,artist_artist
Yotto,braev,1,artist_artist
Imanbek,Marshmello,1,artist_artist
AKASA,Rashmeet Kaur,1,artist_artist
Atif Aslam,Neeti Mohan,1,artist_artist
B Praak,Jasleen Royal,4,artist_artist
Richa Sharma,Salim–Sulaiman,1,artist_artist
Lyanno,Zion & Lennox,2,artist_artist
Armaan Malik,Neeti Mohan,2,artist_artist
Blanke,Dia Frampton,1,artist_artist
Harshdeep Kaur,Roop Kumar Rathod,1,artist_artist
Sean Paul,Shaggy,4,artist_artist
Beyoncé,Willy William,1,artist_artist
Alan Walker,salem ilese,8,artist_artist
Felix Jaehn,Robin Schulz,3,artist_artist
David Guetta,Natti Natasha,3,artist_artist
ILLENIUM,Trippie Redd,5,artist_artist
Alle Farben,R3HAB,1,artist_artist
Manuel Turizo,Sebastian Yatra,4,artist_artist
Feid,Justin Quiles,3,artist_artist
Arcangel,Myke Towers,1,artist_artist
Daddy Yankee,Like Mike,1,artist_artist
Badshah,Tanishk Bagchi,2,artist_artist
Rivers Cuomo,Royal & the Serpent,5,artist_artist
ILLENIUM,Zeds Dead,1,artist_artist
Anupam Roy,Rahat Fateh Ali Khan,1,artist_artist
Dimitri Vegas,Vintage Culture,1,artist_artist
Armin van Buuren,R3HAB,3,artist_artist
Drake,Future,1,artist_artist
Feid,Sech,4,artist_artist
Emie,Yves V,1,artist_artist
KSHMR,Tungevaag,2,artist_artist
Chris Lake,Chris Lorenzo,1,artist_artist
Arko,Shilpa Rao,1,artist_artist
Arijit Singh,Payal Dev,1,artist_artist
Arijit Singh,Sid Sriram,2,artist_artist
Jerry Ropero,Todd Terry,2,artist_artist
Jubin Nautiyal,Rashmi Virag,6,artist_artist
Ferrugem,Oriente,1,artist_artist
Farruko,Rauw Alejandro,1,artist_artist
J Balvin,Khalid,2,artist_artist
Dr. Dre,Eminem,5,artist_artist
Camilo,Ozuna,1,artist_artist
Alesso,Florida Georgia Line,1,artist_artist
Enrique Iglesias,Shakira,1,artist_artist
Asees Kaur,Payal Dev,1,artist_artist
Anirudh Ravichander,Sid Sriram,2,artist_artist
Shweta Mohan,Yuvan Shankar Raja,1,artist_artist
Sebastian Yatra,Yera,4,artist_artist
Vini Vici,Zafrir,2,artist_artist
Alan Walker,Digital Farm Animals,2,artist_artist
KSHMR,Tanishk Bagchi,1,artist_artist
Anuel AA,KAROL G,15,artist_artist
Asees Kaur,Rashmeet Kaur,1,artist_artist
24kGoldn,iann dior,1,artist_artist
Benny Dayal,Nucleya,3,artist_artist
Os Paralamas Do Sucesso,Pitty,1,artist_artist
Charlie Puth,Lennon Stella,2,artist_artist
Blanke,Jason Ross,1,artist_artist
Salim–Sulaiman,Shreya Ghoshal,5,artist_artist
Meghan Trainor,Michael Bublé,1,artist_artist
Fall Out Boy,Lil Peep,1,artist_artist
Dia Frampton,MitiS,2,artist_artist
J Balvin,Justin Quiles,3,artist_artist
David Guetta,Dimitri Vegas,4,artist_artist
Afrojack,Bebe Rexha,2,artist_artist
Jonas Blue,Liam Payne,1,artist_artist
Arijit Singh,Jaideep Sahni,1,artist_artist
Diplo,Nicki Minaj,1,artist_artist
Benny Dayal,Harshdeep Kaur,1,artist_artist
David Guetta,Joel Corry,2,artist_artist
Akon,Beenie Man,1,artist_artist
Dave Audé,Fitz and The Tantrums,1,artist_artist
Mike Williams,R3HAB,2,artist_artist
Joris Voorn,Yotto,2,artist_artist
Felix Jaehn,Zoe Wees,4,artist_artist
French Montana,J Balvin,1,artist_artist
Wisin,Zion & Lennox,1,artist_artist
Alan Walker,Georgia Ku,1,artist_artist
Daddy Yankee,Myke Towers,2,artist_artist
Big Up,Maneva,2,artist_artist
Eminem,Rihanna,1,artist_artist
Andrés Calamaro,Vicentico,1,artist_artist
Harshdeep Kaur,Sunidhi Chauhan,1,artist_artist
Arjun Kanungo,Badshah,1,artist_artist
Marshmello,Usher,1,artist_artist
Felix Jaehn,Georgia Ku,4,artist_artist
Neeti Mohan,Rashmi Virag,2,artist_artist
Arijit Singh,B Praak,1,artist_artist
A.R. Rahman,Sonu Nigam,1,artist_artist
Juan Magán,Paulina Rubio,1,artist_artist
HALIENE,ILLENIUM,2,artist_artist
Akanksha Bhandari,Lost Stories,1,artist_artist
Future,Juan Magán,1,artist_artist
Justin Bieber,Tiësto,1,artist_artist
Amitabh Bhattacharya,Salim Merchant,1,artist_artist
Future,Travis Scott,1,artist_artist
Nikhita Gandhi,Yashraj,1,artist_artist
Swedish House Mafia,The Weeknd,9,artist_artist
Bad Bunny,Casper Magico,2,artist_artist
Armaan Malik,Atif Aslam,1,artist_artist
Calvin Harris,Rihanna,1,artist_artist
Sean Paul,Stylo G,1,artist_artist
Alan Walker,Rita Ora,1,artist_artist
Jon Bellion,Said The Sky,1,artist_artist
Jhayco,Wisin & Yandel,2,artist_artist
Daddy Yankee,Pitbull,2,artist_artist
Ozuna,Randy,1,artist_artist
Armaan Malik,Nucleya,1,artist_artist
Amaal Mallik,Shreya Ghoshal,1,artist_artist
Alok,Armin van Buuren,2,artist_artist
Chris Brown,Wisin & Yandel,6,artist_artist
J Balvin,Zion & Lennox,4,artist_artist
Kelsea Ballerini,The Chainsmokers,1,artist_artist
Justin Bieber,Skrillex,2,artist_artist
De La Ghetto,J Balvin,1,artist_artist
Matthew Koma,Said The Sky,1,artist_artist
Benny Dayal,Salim–Sulaiman,3,artist_artist
Robin Schulz,Tom Walker,8,artist_artist
J Balvin,Tainy,8,artist_artist
Alesso,Tove Lo,3,artist_artist
Coldplay,Hardwell,1,artist_artist
Farruko,Lunay,1,artist_artist
ILLENIUM,Mike Williams,1,artist_artist
Bonobo,Kiasmos,1,artist_artist
KSHMR,RANDALL,1,artist_artist
Amaal Mallik,Neeti Mohan,1,artist_artist
Jubin Nautiyal,Rahat Fateh Ali Khan,1,artist_artist
Rampa,WhoMadeWho,2,artist_artist
Alok,KIDDO,1,artist_artist
HUGEL,Yves V,1,artist_artist
Anirudh Ravichander,Arjun Kanungo,1,artist_artist
Shilpa Rao,The Yellow Diary,1,artist_artist
CNCO,Sean Paul,1,artist_artist
ILLENIUM,Lights,3,artist_artist
Alessia Cara,Sebastian Yatra,1,artist_artist
Kausar Munir,Sachin-Jigar,1,artist_artist
Calum Scott,Gryffin,1,artist_artist
David Guetta,Khalid,1,artist_artist
Rudimental,Tion Wayne,3,artist_artist
Nucleya,Rashmeet Kaur,2,artist_artist
Chencho Corleone,Maluma,1,artist_artist
J Balvin,Sky Rompiendo,1,artist_artist
Habstrakt,Tchami,1,artist_artist
Tchami,ZHU,1,artist_artist
Sean Paul,Tory Lanez,1,artist_artist
Ed Sheeran,J Balvin,2,artist_artist
Ankur Tewari,Karsh Kale,1,artist_artist
Liam Payne,Zedd,4,artist_artist
Amitabh Bhattacharya,Armaan Malik,2,artist_artist
A.R. Rahman,Sid Sriram,3,artist_artist
Maluma,Shakira,1,artist_artist
Snakehips,ZAYN,1,artist_artist
Amitabh Bhattacharya,Pritam,21,artist_artist
Becky G,Rvssian,1,artist_artist
Hardwell,Jason Derulo,1,artist_artist
Nina Sky,TroyBoi,1,artist_artist
Alok,Au/Ra,1,artist_artist
Parachute,Said The Sky,1,artist_artist
Conor Maynard,Yves V,1,artist_artist
Jaideep Sahni,Sukhwinder Singh,1,artist_artist
Lyanno,Rauw Alejandro,1,artist_artist
Benny Dayal,Shalmali Kholgade,3,artist_artist
DJ Snake,J Balvin,6,artist_artist
Benny Dayal,Raghu Dixit,1,artist_artist
Enrique Iglesias,Pitbull,1,artist_artist
Amit Trivedi,Shilpa Rao,1,artist_artist
A Boogie Wit da Hoodie,Pink Sweat$,1,artist_artist
Daddy Yankee,Farruko,3,artist_artist
Dua Lipa,Sam Feldt,1,artist_artist
Nio Garcia,Ozuna,2,artist_artist
Swae Lee,Wiz Khalifa,1,artist_artist
ILLENIUM,Tiësto,2,artist_artist
Camila Cabello,Major Lazer,1,artist_artist
Imanbek,Trevor Daniel,1,artist_artist
Adam Levine,Kendrick Lamar,1,artist_artist
ILLENIUM,Khalid,1,artist_artist
Antônio Carlos Jobim,Herbie Mann,1,artist_artist
24kGoldn,Jack Harlow,1,artist_artist
Brray,Chencho Corleone,1,artist_artist
Becky Hill,Ella Henderson,14,artist_artist
Anitta,J Balvin,3,artist_artist
Anne Amie,Raghu Dixit,1,artist_artist
Bad Bunny,Nio Garcia,3,artist_artist
Carnage,Eptic,1,artist_artist
Demi Lovato,Jax Jones,1,artist_artist
David Guetta,John Newman,6,artist_artist
Alok,SLANDER,1,artist_artist
Rita Ora,Sam Feldt,1,artist_artist
Alisha Chinai,Atif Aslam,1,artist_artist
Bonobo,Totally Enormous Extinct Dinosaurs,2,artist_artist
Burna Boy,Lily Allen,1,artist_artist
Sia,ZAYN,1,artist_artist
Alka Yagnik,Udit Narayan,28,artist_artist
Fuse ODG,Major Lazer,1,artist_artist
Shankar,Sonu Nigam,1,artist_artist
Jeremy Zucker,blackbear,1,artist_artist
Anuel AA,Chris Jedi,9,artist_artist
Lykke Li,The Magician,6,artist_artist
Meet Bros.,Rashmi Virag,3,artist_artist
Alka Yagnik,Atif Aslam,1,artist_artist
Drake,Popcaan,2,artist_artist
DJ Snake,LISA,2,artist_artist
Mau y Ricky,Yera,1,artist_artist
Chromatics,Maceo Plex,1,artist_artist
Joel Corry,Saweetie,1,artist_artist
Eptic,Marshmello,2,artist_artist
Arijit Singh,Sachin-Jigar,2,artist_artist
Anirudh Ravichander,Yuvan Shankar Raja,1,artist_artist
Farruko,"Franco ""El Gorilla""",1,artist_artist
FAST BOY,HUGEL,1,artist_artist
Young Thug,Zara Larsson,1,artist_artist
Ed Sheeran,Lil Baby,8,artist_artist
Daya,JVKE,1,artist_artist
Armin van Buuren,Avicii,1,artist_artist
Feid,Totoy El Frio,4,artist_artist
KK,Salim–Sulaiman,1,artist_artist
Alok,Bastille,1,artist_artist
Charles Gounod,Yo-Yo Ma,1,artist_artist
Mabel,Tiësto,3,artist_artist
Calvin Harris,Justin Timberlake,3,artist_artist
Juicy J,Lil Jon,1,artist_artist
ILLENIUM,Paul van Dyk,1,artist_artist
Charlie Puth,JVKE,1,artist_artist
X Ambassadors,Zedd,1,artist_artist
A Boogie Wit da Hoodie,Ty Dolla $ign,3,artist_artist
Halsey,Pharrell Williams,3,artist_artist
Ken-Y,Marioso,2,artist_artist
DJ Snake,Justin Bieber,10,artist_artist
Ellie Goulding,Speed Radio,1,artist_artist
Rashmi Virag,Sonu Nigam,1,artist_artist
Belinda,Juan Magán,3,artist_artist
Hardwell,Jay Sean,1,artist_artist
Sting,Swedish House Mafia,3,artist_artist
FAST BOY,MEDUZA,5,artist_artist
Arcangel,J Balvin,5,artist_artist
Diplo,Sia,1,artist_artist
Badshah,Tainy,1,artist_artist
Juicy J,Katy Perry,3,artist_artist
Chris James,Mike Perry,1,artist_artist
Sanah Moidutty,Yazin Nizar,1,artist_artist
Galantis,Little Mix,1,artist_artist
Brray,Rauw Alejandro,3,artist_artist
A.R. Rahman,Arijit Singh,5,artist_artist
Manuel Turizo,Yandel,2,artist_artist
David Guetta,Justin Bieber,2,artist_artist
Armand Van Helden,Mark Knight,1,artist_artist
Morat,TINI,2,artist_artist
BIA,Sky,1,artist_artist
Clara Mae,Russell Dickerson,1,artist_artist
KSHMR,LIT killah,1,artist_artist
The Weeknd,Wiz Khalifa,3,artist_artist
Migos,Travis Scott,1,artist_artist
Anvita Dutt,Jasleen Royal,3,artist_artist
DaBaby,Lil Wayne,2,artist_artist
David Guetta,Faithless,2,artist_artist
Jax Jones,Stefflon Don,1,artist_artist
OAFF,Shalmali Kholgade,1,artist_artist
Daddy Yankee,Jonas Brothers,2,artist_artist
Bad Bunny,Bomba Estéreo,1,artist_artist
Faithless,MEDUZA,2,artist_artist
Tiësto,Topic,1,artist_artist
Hardwell,Snoop Dogg,1,artist_artist
Ozuna,Sia,1,artist_artist
Georgia Ku,ILLENIUM,1,artist_artist
Anne-Marie,Rudimental,4,artist_artist
ROSALÍA,Wisin & Yandel,1,artist_artist
DJ Snake,Future,1,artist_artist
Tom Walker,Zoe Wees,1,artist_artist
James Arthur,Martin Jensen,1,artist_artist
Benny Benassi,Kyle Reynolds,1,artist_artist
Dimitri Vegas,Like Mike,2,artist_artist
Black Eyed Peas,Tiësto,1,artist_artist
Calvin Harris,Katy Perry,1,artist_artist
ILIRA,Tiësto,1,artist_artist
Hardwell,Lil Jon,1,artist_artist
Diplo,Ellie Goulding,4,artist_artist
Bebe Rexha,The Chainsmokers,1,artist_artist
Bad Bunny,J Balvin,38,artist_artist
Arcangel,De La Ghetto,2,artist_artist
Camila Cabello,Pitbull,2,artist_artist
A.R. Rahman,Shreya Ghoshal,7,artist_artist
Justin Quiles,Nacho,2,artist_artist
Camilo,Sebastian Yatra,2,artist_artist
B Praak,Neha Kakkar,2,artist_artist
AMÉMÉ,Jamie Jones,1,artist_artist
Jordan Shaw,Mike Williams,3,artist_artist
Phoebe Ryan,The Chainsmokers,1,artist_artist
Da Tweekaz,Sabrina Carpenter,1,artist_artist
Felix Jaehn,Mike Williams,4,artist_artist
BEAUZ,Zedd,1,artist_artist
Arcangel,Randy,1,artist_artist
Dabin,Timmy Trumpet,1,artist_artist
Alesso,Katy Perry,5,artist_artist
Brray,Justin Quiles,1,artist_artist
Feid,Ozuna,2,artist_artist
Pharrell Williams,Sky Rompiendo,1,artist_artist
Shankar Mahadevan,Yuvan Shankar Raja,3,artist_artist
Ceylan Ertem,Melike Şahin,1,artist_artist
Dua Lipa,J Balvin,4,artist_artist
Justin Quiles,Randy,1,artist_artist
Akon,Robin Schulz,1,artist_artist
Atreyu,Travis Barker,3,artist_artist
Paul van Dyk,Skylar Grey,1,artist_artist
Darell,Greeicy,1,artist_artist
Clean Bandit,MOTi,1,artist_artist
J Balvin,Pitbull,2,artist_artist
Karsh Kale,Raghu Dixit,1,artist_artist
Kygo,X Ambassadors,1,artist_artist
Selena Gomez,Tiësto,1,artist_artist
Jaideep Sahni,Shreya Ghoshal,1,artist_artist
Fall Out Boy,Tiësto,1,artist_artist
Bryant Myers,Casper Magico,1,artist_artist
Macklemore,Rudimental,6,artist_artist
Diplo,Nina Sky,1,artist_artist
Camilo,Mau y Ricky,1,artist_artist
Asees Kaur,Rahat Fateh Ali Khan,2,artist_artist
Cheat Codes,Russell Dickerson,1,artist_artist
A.R. Rahman,Rakshita Suresh,5,artist_artist
David Guetta,R3HAB,1,artist_artist
DJ Pierre,Todd Terry,3,artist_artist
Jaideep Sahni,Sonu Nigam,1,artist_artist
Amitabh Bhattacharya,Shilpa Rao,1,artist_artist
Anitta,Tainy,2,artist_artist
Daddy Yankee,Luis Fonsi,8,artist_artist
Don Omar,Juan Magán,1,artist_artist
Clean Bandit,Julia Michaels,2,artist_artist
Pritam,Richa Sharma,2,artist_artist
J Balvin,Stefflon Don,1,artist_artist
Jess Glynne,The Magician,2,artist_artist
A.R. Rahman,Neeti Mohan,1,artist_artist
Gunna,Tchami,2,artist_artist
Mariah Angeliq,Yera,1,artist_artist
Arko,B Praak,1,artist_artist
Becky G,Daddy Yankee,2,artist_artist
Alok,Tove Lo,1,artist_artist
DJ Snake,Eptic,1,artist_artist
Arijit Singh,Pritam,115,artist_artist
Chris Lorenzo,Vintage Culture,1,artist_artist
Harshdeep Kaur,Salim–Sulaiman,1,artist_artist
Bad Bunny,Mr Eazi,1,artist_artist
Darell,Mariah Angeliq,3,artist_artist
Martin Jensen,RANI,1,artist_artist
Monali Thakur,Nikhil D'Souza,1,artist_artist
Alejo,Feid,12,artist_artist
Cali Y El Dandee,Reik,1,artist_artist
Daya,The Chainsmokers,2,artist_artist
ILLENIUM,Timmy Trumpet,1,artist_artist
The Glitch Mob,The Prodigy,1,artist_artist
Neha Kakkar,Nucleya,1,artist_artist
Daddy Yankee,Katy Perry,1,artist_artist
Daddy Yankee,J Balvin,4,artist_artist
Major Lazer,Travis Scott,1,artist_artist
Jaideep Sahni,Salim Merchant,1,artist_artist
Arko,Nucleya,1,artist_artist
James Hype,Oliver Heldens,1,artist_artist
Marshmello,Pritam,1,artist_artist
KSHMR,Krewella,1,artist_artist
Hardwell,Mr. Vegas,1,artist_artist
Arijit Singh,Sonu Nigam,1,artist_artist
Dabin,Dylan Matthew,3,artist_artist
Salim–Sulaiman,Vishal Dadlani,2,artist_artist
Aloe Blacc,Tiësto,1,artist_artist
Rita Ora,Rudimental,2,artist_artist
Don Omar,Wisin,1,artist_artist
Daddy Yankee,Wisin & Yandel,6,artist_artist
AKASA,Lauv,1,artist_artist
Harshdeep Kaur,Shilpa Rao,1,artist_artist
Akon,Dr. Dre,1,artist_artist
Ozuna,Wisin,1,artist_artist
J Balvin,Sean Paul,2,artist_artist
David Guetta,Usher,1,artist_artist
Dimitri Vegas,Natti Natasha,3,artist_artist
RADWIMPS,Toaka,1,artist_artist
Alejandro Sanz,Mau y Ricky,1,artist_artist
HUGEL,Stefy De Cicco,1,artist_artist
Udit Narayan,Yuvan Shankar Raja,2,artist_artist
Amit Trivedi,Badshah,1,artist_artist
Katy Perry,Snow,1,artist_artist
Andrés Calamaro,Julio Iglesias,1,artist_artist
Farruko,Zion & Lennox,1,artist_artist
Alok,Vini Vici,2,artist_artist
Morat,Yera,1,artist_artist
Arijit Singh,Palak Muchhal,7,artist_artist
Dr. Dre,Skylar Grey,1,artist_artist
Robert Falcon,Yves V,1,artist_artist
Ozuna,Tokischa,1,artist_artist
Arivu,DJ Snake,1,artist_artist
BIA,Sky Rompiendo,1,artist_artist
Guaynaa,Randy,1,artist_artist
Aleks Syntek,Luis Fonsi,1,artist_artist
Calvin Harris,Tinashe,2,artist_artist
Nicki Minaj,Ty Dolla $ign,1,artist_artist
Kausar Munir,Salim–Sulaiman,1,artist_artist
Arijit Singh,Jubin Nautiyal,1,artist_artist
Alesso,Calvin Harris,1,artist_artist
Jasmine Thompson,Zedd,1,artist_artist
AKASA,Akanksha Bhandari,1,artist_artist
Brennan Heart,Tungevaag,1,artist_artist
Blazy,Shanti People,1,artist_artist
Nacho,Sebastian Yatra,1,artist_artist
Chris Brown,Young Thug,1,artist_artist
Karsh Kale,The Ghalat Family,1,artist_artist
Seedhe Maut,Sickflip,2,artist_artist
Blanke,ILLENIUM,2,artist_artist
Gryffin,Tinashe,1,artist_artist
Arcangel,Farruko,1,artist_artist
HALIENE,William Black,1,artist_artist
Roop Kumar Rathod,Shreya Ghoshal,1,artist_artist
King,Sunidhi Chauhan,1,artist_artist
Alessia Cara,Juanes,1,artist_artist
BaianaSystem,Nação Zumbi,1,artist_artist
KSHMR,Kavita Seth,1,artist_artist
Grey,Zedd,4,artist_artist
Anne-Marie,Little Mix,1,artist_artist
Cardi B,G-Eazy,1,artist_artist
Gilberto Gil,João Gilberto,1,artist_artist
Ariana Grande,Calvin Harris,1,artist_artist
Lennon Stella,The Chainsmokers,2,artist_artist
Arijit Singh,Rashmi Virag,2,artist_artist
Charles Dutoit,Philharmonia Orchestra,1,artist_artist
DJ Snake,French Montana,3,artist_artist
Jamie Jones,The Martinez Brothers,1,artist_artist
Alan Walker,Trevor Daniel,1,artist_artist
Dimitri Vegas,Sebastian Yatra,1,artist_artist
Badshah,Rashmeet Kaur,1,artist_artist
DJ Snake,Young Thug,1,artist_artist
Chris Brown,Jack Harlow,1,artist_artist
Calum Scott,Felix Jaehn,4,artist_artist
Big Sean,Ellie Goulding,2,artist_artist
Bipolar Sunshine,Blanke,1,artist_artist
T-Pain,Wisin & Yandel,6,artist_artist
Mike Perry,Sabrina Carpenter,1,artist_artist
Pitbull,Yandel,1,artist_artist
Burna Boy,DJ Snake,1,artist_artist
Enrique Iglesias,Juanes,1,artist_artist
Diplo,Mr Eazi,1,artist_artist
Cheat Codes,Martin Jensen,1,artist_artist
Goodboys,Imanbek,1,artist_artist
Rihanna,Shakira,1,artist_artist
Beenie Man,Mr. Vegas,1,artist_artist
Dylan Matthew,NGHTMRE,2,artist_artist
Antônio Carlos Jobim,Frank Sinatra,1,artist_artist
CHVRCHES,Gryffin,1,artist_artist
Alejandro Sanz,Alessia Cara,1,artist_artist
Salim Merchant,Sonu Nigam,1,artist_artist
Arko,Tanishk Bagchi,2,artist_artist
Carnage,Hardwell,1,artist_artist
Dimitri Vegas,Ilkay Sencan,1,artist_artist
Alesso,Zara Larsson,1,artist_artist
Alejandro Sanz,Camilo,1,artist_artist
Juan Magán,Lapiz Conciente,3,artist_artist
Anirudh Ravichander,Jonita Gandhi,6,artist_artist
Atif Aslam,Rashmi Virag,1,artist_artist
Amit Trivedi,Amitabh Bhattacharya,1,artist_artist
DJ Aftab,Shankar,1,artist_artist
DaBaby,Tory Lanez,2,artist_artist
Neha Kakkar,Sachin-Jigar,1,artist_artist
Jack Harlow,Lil Wayne,2,artist_artist
DJ Snake,Megan Thee Stallion,2,artist_artist
Gucci Mane,Selena Gomez,2,artist_artist
Badshah,Benny Dayal,3,artist_artist
Becky Hill,Shift K3Y,1,artist_artist
R3HAB,TINI,2,artist_artist
Luis Fonsi,Ozuna,2,artist_artist
Blanke,Said The Sky,1,artist_artist
Don Omar,Maluma,2,artist_artist
Bono,Martin Garrix,2,artist_artist
Alesso,Marshmello,2,artist_artist
Anvita Dutt,B Praak,3,artist_artist
Mae Muller,Polo G,4,artist_artist
Jason Derulo,Ty Dolla $ign,1,artist_artist
Alan Walker,Au/Ra,5,artist_artist
Amaal Mallik,Atif Aslam,1,artist_artist
Dylan Matthew,Tiësto,1,artist_artist
Meet Bros.,Rahat Fateh Ali Khan,1,artist_artist
Pia Mia,Sean Paul,2,artist_artist
AKASA,The Yellow Diary,1,artist_artist
MNEK,Zara Larsson,1,artist_artist
Daya,Gryffin,2,artist_artist
Alessia Cara,Jonas Blue,1,artist_artist
Don Diablo,Zak Abel,2,artist_artist
Chris Jedi,Joey Montana,3,artist_artist
Avicii,Kygo,1,artist_artist
Palak Muchhal,Shreya Ghoshal,1,artist_artist
Darell,Sech,2,artist_artist
Jeremy Oceans,Karra,1,artist_artist
Alexis y Fido,Justin Quiles,1,artist_artist
Natti Natasha,Nicky Jam,2,artist_artist
Ariana Grande,Young Thug,1,artist_artist
Anuel AA,Daddy Yankee,5,artist_artist
Tiësto,Ty Dolla $ign,1,artist_artist
Jax Jones,MNEK,1,artist_artist
ILLENIUM,MAX,2,artist_artist
Gulzar,Sunidhi Chauhan,1,artist_artist
ILLENIUM,Josh Golden,1,artist_artist
Coldplay,Matoma,1,artist_artist
Halsey,Khalid,2,artist_artist
Jess Glynne,Macklemore,6,artist_artist
DJ Snake,Juicy J,1,artist_artist
FAST BOY,James Carter,5,artist_artist
David Guetta,Ella Henderson,14,artist_artist
Shankar Mahadevan,Sukhwinder Singh,1,artist_artist
Boy In Space,Said The Sky,1,artist_artist
A-Trak,Yeah Yeah Yeahs,6,artist_artist
Bipolar Sunshine,ILLENIUM,1,artist_artist
Digital Farm Animals,Rvssian,1,artist_artist
Amitabh Bhattacharya,Sunidhi Chauhan,3,artist_artist
Diplo,Justin Bieber,1,artist_artist
Krewella,Nucleya,3,artist_artist
Nikhil D'Souza,Tanishk Bagchi,1,artist_artist
Imanbek,Usher,1,artist_artist
Kehlani,Pink Sweat$,2,artist_artist
Noriel,Wisin,1,artist_artist
James Arthur,Juicy J,1,artist_artist
Ritviz,Sickflip,2,artist_artist
Harshdeep Kaur,Sonu Nigam,1,artist_artist
Ariana Grande,Justin Bieber,1,artist_artist
Gucci Mane,Tiësto,1,artist_artist
ILLENIUM,Tori Kelly,2,artist_artist
Kailash Kher,Roop Kumar Rathod,1,artist_artist
Kausar Munir,Sickflip,1,artist_artist
Anton Mittermayr,Wiener Sängerknaben,3,artist_artist
Diplo,Rashmeet Kaur,1,artist_artist
Afrojack,Black V Neck,4,artist_artist
Alan Walker,Boy In Space,1,artist_artist
Armaan Malik,Benny Dayal,1,artist_artist
Ozuna,Tainy,1,artist_artist
Alesso,Sebastian Ingrosso,1,artist_artist
Hiphop Tamizha,Raghu Dixit,2,artist_artist
Alan Walker,ILLENIUM,2,artist_artist
Dua Lipa,Tainy,4,artist_artist
Jeremy Oceans,LIT killah,1,artist_artist
Clinton Kane,Martin Garrix,2,artist_artist
Nicky Jam,Totoy El Frio,1,artist_artist
Matthew Koma,Tiësto,2,artist_artist
Popcaan,Young Thug,1,artist_artist
Dua Lipa,Martin Garrix,2,artist_artist
Guaynaa,Yandel,2,artist_artist
Daddy Yankee,Natti Natasha,8,artist_artist
French Montana,Swae Lee,1,artist_artist
Anitta,Sean Paul,2,artist_artist
MEMBA,Nooran Sisters,1,artist_artist
Imanbek,KIDDO,1,artist_artist
DJ Snake,Tainy,2,artist_artist
Amber Van Day,HUGEL,4,artist_artist
Felix Jaehn,The Stickmen Project,4,artist_artist
Erasmo Carlos,Rita Lee,1,artist_artist
Dua Lipa,Whethan,1,artist_artist
James Carter,MEDUZA,5,artist_artist
Annie Lennox,Aretha Franklin,1,artist_artist
Anne-Marie,Marshmello,5,artist_artist
Ben Böhmer,Leo Stannard,2,artist_artist
Jhayco,Mariah Angeliq,1,artist_artist
Benny Dayal,Vishal Dadlani,1,artist_artist
Dua Lipa,Sean Paul,11,artist_artist
Skrillex,Ty Dolla $ign,3,artist_artist
FKA twigs,Ty Dolla $ign,3,artist_artist
Kid Ink,Tungevaag,1,artist_artist
AKASA,Jasleen Royal,1,artist_artist
Mae Muller,Trippie Redd,1,artist_artist
Pritam,Vishal Dadlani,2,artist_artist
Akon,David Guetta,2,artist_artist
INNA,Ilkay Sencan,1,artist_artist
Gulzar,Udit Narayan,1,artist_artist
Avicii,Nicky Romero,2,artist_artist
Manuel Turizo,Nacho,1,artist_artist
Alessia Cara,Zedd,6,artist_artist
Jhayco,Sebastian Yatra,1,artist_artist
Excision,I Prevail,1,artist_artist
Diplo,Jonas Brothers,1,artist_artist
EVAN GIIA,Louis The Child,1,artist_artist
AAKASH,Zaeden,3,artist_artist
Daddy Yankee,R3HAB,1,artist_artist
Chris Brown,Kid Ink,1,artist_artist
Badshah,Neha Kakkar,7,artist_artist
Neha Kakkar,Palak Muchhal,2,artist_artist
Jubin Nautiyal,Neha Kakkar,1,artist_artist
Alok,Khalid,1,artist_artist
Alesso,TINI,1,artist_artist
3 Doors Down,Bob Seger,1,artist_artist
Jubin Nautiyal,Tanishk Bagchi,7,artist_artist
Amitabh Bhattacharya,Vishal Dadlani,1,artist_artist
David Guetta,Kiiara,1,artist_artist
Alejandro Sanz,Aleks Syntek,1,artist_artist
Arijit Singh,Tanishk Bagchi,6,artist_artist
Joey Montana,Sebastian Yatra,7,artist_artist
Boston Symphony Orchestra,Charles Gounod,1,artist_artist
Joey Montana,Luciana,1,artist_artist
DJ Snake,Nicky Jam,2,artist_artist
Rihanna,Sean Paul,1,artist_artist
Amit Trivedi,Kausar Munir,1,artist_artist
Robin Schulz,Tiësto,1,artist_artist
Christian Löffler,Joris Voorn,1,artist_artist
Alan Walker,Tungevaag,1,artist_artist
BTS,Nicki Minaj,1,artist_artist
Jason Mraz,Meghan Trainor,1,artist_artist
KAROL G,Nicki Minaj,3,artist_artist
Mariah Angeliq,Randy,1,artist_artist
Burna Boy,Jorja Smith,1,artist_artist
Chinmayi,Yuvan Shankar Raja,1,artist_artist
Alan Walker,Avicii,1,artist_artist
Alan Walker,Kygo,1,artist_artist
A7S,HUGEL,1,artist_artist
Felix Jaehn,Jasmine Thompson,1,artist_artist
Ankur Tewari,Lothika,3,artist_artist
MOTi,Rema,1,artist_artist
Mr Eazi,Nicki Minaj,1,artist_artist
Faithless,Yotto,1,artist_artist
Brennan Heart,Kid Ink,1,artist_artist
Bebe Rexha,Nicki Minaj,2,artist_artist
Juanes,Morat,2,artist_artist
Arijit Singh,Arko,4,artist_artist
David Guetta,Martin Garrix,2,artist_artist
EVAN GIIA,MEMBA,2,artist_artist
Anirudh Ravichander,Shweta Mohan,3,artist_artist
Like Mike,Steve Aoki,1,artist_artist
Julieta Venegas,Paulina Rubio,1,artist_artist
Clinton Cerejo,Pritam,1,artist_artist
Jaideep Sahni,Rahat Fateh Ali Khan,2,artist_artist
Romy,Tanishk Bagchi,1,artist_artist
Imanbek,Wiz Khalifa,1,artist_artist
Riot Ten,Sullivan King,1,artist_artist
Nico Santos,Paul van Dyk,4,artist_artist
David Guetta,Sean Paul,2,artist_artist
Dylan Matthew,SLANDER,20,artist_artist
Payal Dev,Vishal Dadlani,3,artist_artist
BEAUZ,Maren Morris,1,artist_artist
Lil Baby,ROSALÍA,1,artist_artist
Ozuna,Pedro Capó,1,artist_artist
Kiasmos,Tale Of Us,1,artist_artist
Anne Amie,Sooraj Santhosh,1,artist_artist
Chico Science,Marcelo D2,1,artist_artist
Robin Schulz,Topic,4,artist_artist
DJ Pierre,Jerry Ropero,2,artist_artist
Charles Dutoit,London Philharmonic Orchestra,1,artist_artist
Daddy Yankee,Snow,3,artist_artist
James Carter,Tom Walker,1,artist_artist
HUGEL,Topic,1,artist_artist
Jack Harlow,Ty Dolla $ign,1,artist_artist
ARTBAT,braev,1,artist_artist
Arko,Shreya Ghoshal,1,artist_artist
Santhosh Narayanan,Sid Sriram,1,artist_artist
Harshdeep Kaur,Shreya Ghoshal,1,artist_artist
Fetty Wap,Monty,5,artist_artist
Yade Lauren,Yellow Claw,3,artist_artist
Nico Santos,Topic,4,artist_artist
Neha Kakkar,Pritam,3,artist_artist
Da Tweekaz,HALIENE,1,artist_artist
Alok,Zafrir,5,artist_artist
Alan Walker,Sabrina Carpenter,3,artist_artist
Camila Cabello,Machine Gun Kelly,1,artist_artist
DJ Snake,Santhosh Narayanan,1,artist_artist
J Balvin,Juan Magán,1,artist_artist
Nusrat Fateh Ali Khan,Udit Narayan,1,artist_artist
Benjamin Ingrosso,HUGEL,1,artist_artist
Alan Walker,K-391,6,artist_artist
Dakota,Jonas Blue,1,artist_artist
Neha Kakkar,Shilpa Rao,1,artist_artist
Meghan Trainor,Sean Paul,1,artist_artist
Jonas Blue,Rita Ora,4,artist_artist
Afrojack,Martin Garrix,2,artist_artist
Rahat Fateh Ali Khan,Richa Sharma,3,artist_artist
Casper Magico,Darell,2,artist_artist
Major Lazer,Mr Eazi,1,artist_artist
Luis Fonsi,Rauw Alejandro,1,artist_artist
G-Eazy,Halsey,2,artist_artist
Clean Bandit,Matoma,1,artist_artist
Daddy Yankee,David Guetta,3,artist_artist
Stevie Appleton,Tiësto,2,artist_artist
KAROL G,Ozuna,2,artist_artist
Dabin,ILLENIUM,3,artist_artist
Badshah,Nucleya,3,artist_artist
Damian Marley,Skrillex,1,artist_artist
Diplo,Skrillex,2,artist_artist
Arko,Meet Bros.,1,artist_artist
Charlie Puth,David Guetta,1,artist_artist
Francesco Yates,Robin Schulz,5,artist_artist
Jonas Blue,Tiësto,4,artist_artist
Becky Hill,Joel Corry,9,artist_artist
Amber Van Day,Martin Jensen,1,artist_artist
J Balvin,Tyga,4,artist_artist
HALIENE,Said The Sky,1,artist_artist
Juanes,Mau y Ricky,1,artist_artist
Asees Kaur,Neha Kakkar,1,artist_artist
Calvin Harris,Disciples,2,artist_artist
Chris Brown,Drake,1,artist_artist
Eli & Fur,Nils Hoffmann,1,artist_artist
Benny Benassi,David Guetta,1,artist_artist
Alesso,Liam Payne,1,artist_artist
Maren Morris,Zedd,5,artist_artist
BIA,Pharrell Williams,2,artist_artist
Amit Trivedi,Pritam,2,artist_artist
Calvin Harris,Frank Ocean,1,artist_artist
A7S,Tiësto,1,artist_artist
Amit Trivedi,Harshdeep Kaur,1,artist_artist
Excision,HALIENE,1,artist_artist
24kGoldn,Ty Dolla $ign,1,artist_artist
Becky G,David Guetta,2,artist_artist
Anne-Marie,R3HAB,1,artist_artist
Dhee,Yuvan Shankar Raja,2,artist_artist
Pritam,Sid Sriram,9,artist_artist
Nicki Minaj,Young Thug,1,artist_artist
5 Seconds of Summer,The Chainsmokers,1,artist_artist
Gunna,Young Thug,8,artist_artist
KAROL G,Totoy El Frio,1,artist_artist
Ferrugem,Leo Santana,1,artist_artist
Kamakshi Khanna,OAFF,1,artist_artist
Chencho Corleone,J Balvin,2,artist_artist
Calvin Harris,The Weeknd,1,artist_artist
Jhayco,Zion & Lennox,1,artist_artist
Purple Disco Machine,The Knocks,1,artist_artist
Rahat Fateh Ali Khan,Shankar Mahadevan,2,artist_artist
Jhayco,KAROL G,1,artist_artist
Lunay,Pink Sweat$,5,artist_artist
Camila Cabello,Travis Scott,1,artist_artist
Ava Max,R3HAB,1,artist_artist
Kanye West,Nicki Minaj,1,artist_artist
Palak Muchhal,Pritam,1,artist_artist
Au/Ra,R3HAB,3,artist_artist
Harshdeep Kaur,Jasleen Royal,1,artist_artist
Darell,Nicky Jam,4,artist_artist
Calvin Harris,Jessie Reyez,1,artist_artist
Anuel AA,Rauw Alejandro,1,artist_artist
Aloe Blacc,Avicii,3,artist_artist
Feid,Nacho,1,artist_artist
DIVINE,Nucleya,1,artist_artist
Ty Dolla $ign,Yellow Claw,1,artist_artist
DJ Snake,Tiësto,2,artist_artist
Clean Bandit,Ellie Goulding,1,artist_artist
Clean Bandit,Rema,7,artist_artist
Rauw Alejandro,Sebastian Yatra,2,artist_artist
Naresh Kamath,Paresh Kamath,9,artist_artist
Arijit Singh,Armaan Malik,2,artist_artist
Calvin Harris,Oliver Heldens,2,artist_artist
ILLENIUM,Sasha Alex Sloan,2,artist_artist
Avicii,David Guetta,1,artist_artist
Alok,Ella Eyre,1,artist_artist
Meet Bros.,Payal Dev,1,artist_artist
Fall Out Boy,Foxes,1,artist_artist
BANNERS,ILLENIUM,1,artist_artist
ARTBAT,Stephan Bodzin,1,artist_artist
Daddy Yankee,Ozuna,3,artist_artist
Rahat Fateh Ali Khan,Tanishk Bagchi,2,artist_artist
Tanvi Shah,Yuvan Shankar Raja,8,artist_artist
Future,Lil Baby,1,artist_artist
Jason Derulo,Snoop Dogg,1,artist_artist
John De Sohn,LIAMOO,2,artist_artist
Daddy Yankee,ROSALÍA,1,artist_artist
Gryffin,Tove Lo,1,artist_artist
Marisa Monte,Os Paralamas Do Sucesso,1,artist_artist
Camila Cabello,Pedro Capó,1,artist_artist
Camilo,Like Mike,1,artist_artist
Alan Walker,Conor Maynard,1,artist_artist
David Guetta,Snoop Dogg,1,artist_artist
Belinda,Pitbull,1,artist_artist
El Alfa,Noriel,1,artist_artist
Bebe Rexha,Lunay,5,artist_artist
A Boogie Wit da Hoodie,Fetty Wap,1,artist_artist
Bad Bunny,Ozuna,3,artist_artist
Enrique Iglesias,Nicky Jam,2,artist_artist
Imanbek,Zara Larsson,1,artist_artist
Dalex,Konshens,1,artist_artist
Afrojack,Au/Ra,3,artist_artist
Maluma,The Weeknd,1,artist_artist
Brray,Lyanno,1,artist_artist
ILLENIUM,Lennon Stella,2,artist_artist
Badshah,Jubin Nautiyal,1,artist_artist
Bea Miller,Jeremy Zucker,1,artist_artist
Nora En Pure,Oliver Schories,1,artist_artist
Migos,Sean Paul,1,artist_artist
Atif Aslam,Sunidhi Chauhan,3,artist_artist
Amit Trivedi,Kavita Seth,2,artist_artist
Alle Farben,Keanu Silva,1,artist_artist
James Arthur,Marshmello,1,artist_artist
French Montana,GIMS,1,artist_artist
Clean Bandit,Mabel,1,artist_artist
Kausar Munir,OAFF,5,artist_artist
Shreya Ghoshal,Yuvan Shankar Raja,2,artist_artist
Kailash Kher,Sonu Nigam,1,artist_artist
Ava Max,Tiësto,12,artist_artist
Paul van Dyk,Topic,4,artist_artist
Asees Kaur,Sachin-Jigar,1,artist_artist
Jubin Nautiyal,Neeti Mohan,3,artist_artist
A.R. Rahman,Karthik,1,artist_artist
Jonas Blue,Zedd,1,artist_artist
Jubin Nautiyal,Meet Bros.,7,artist_artist
Stunnah Beatz,Zaeden,1,artist_artist
Kausar Munir,Sunidhi Chauhan,1,artist_artist
Anuel AA,Natti Natasha,1,artist_artist
Quavo,Ty Dolla $ign,1,artist_artist
Halsey,SUGA,2,artist_artist
Charli XCX,Clean Bandit,1,artist_artist
Jennifer Lopez,Luis Fonsi,1,artist_artist
French Montana,Lil Jon,1,artist_artist
Calvin Harris,Charlie Puth,1,artist_artist
Miss Li,VIZE,2,artist_artist
Natti Natasha,Ozuna,3,artist_artist
Alisha Chinai,Shankar Mahadevan,1,artist_artist
ILLENIUM,X Ambassadors,3,artist_artist
Tanishk Bagchi,Udit Narayan,1,artist_artist
Gorgon City,MNEK,1,artist_artist
José González,Solomun,1,artist_artist
Dia Frampton,William Black,2,artist_artist
Deepend,Philip Strand,1,artist_artist
Major Lazer,Sean Paul,1,artist_artist
Bebe Rexha,Pink Sweat$,5,artist_artist
Alka Yagnik,Sukhwinder Singh,1,artist_artist
Daddy Yankee,Dimitri Vegas,3,artist_artist
Ivan Ferreiro,Sebastian Yatra,1,artist_artist
Clean Bandit,The Magician,2,artist_artist
Amaal Mallik,Sonu Nigam,1,artist_artist
Chris Jedi,Lunay,1,artist_artist
Like Mike,Natti Natasha,1,artist_artist
David Guetta,Like Mike,1,artist_artist
Ankur Tewari,OAFF,3,artist_artist
Armaan Malik,Palak Muchhal,2,artist_artist
Aleks Syntek,Juanes,1,artist_artist
Major Lazer,Quavo,1,artist_artist
Sunidhi Chauhan,Udit Narayan,2,artist_artist
Galantis,JVKE,1,artist_artist
Juan Magán,Mala Rodríguez,1,artist_artist
Asees Kaur,Tanishk Bagchi,8,artist_artist
SLANDER,neverwaves,1,artist_artist
Pritam,Tanishk Bagchi,2,artist_artist
Anitta,Greeicy,2,artist_artist
Anitta,TroyBoi,1,artist_artist
LISA,Ozuna,2,artist_artist
Armaan Malik,Badshah,1,artist_artist
Clara Mae,R3HAB,1,artist_artist
Burna Boy,J Balvin,1,artist_artist
Hardwell,KSHMR,1,artist_artist
Anitta,DaBaby,1,artist_artist
Burna Boy,Mr Eazi,1,artist_artist
Nile Rodgers,SG Lewis,1,artist_artist
FKA twigs,Future,1,artist_artist
DJ Snake,Lauv,1,artist_artist
Diplo,Nucleya,1,artist_artist
SG Lewis,Tove Lo,3,artist_artist
KAROL G,Wisin & Yandel,1,artist_artist
Big Sean,Pharrell Williams,1,artist_artist
Pitbull,Sean Paul,1,artist_artist
Bebe Rexha,Topic,3,artist_artist
Timmy Trumpet,Vini Vici,1,artist_artist
Arijit Singh,Nikhita Gandhi,5,artist_artist
DJ Snake,Gucci Mane,1,artist_artist
Kehlani,Ty Dolla $ign,2,artist_artist
Meet Bros.,Palak Muchhal,1,artist_artist
FKA twigs,Kanye West,3,artist_artist
Kygo,Selena Gomez,1,artist_artist
Nicky Jam,Sech,5,artist_artist
Burna Boy,Kehlani,2,artist_artist
Arko,Pritam,2,artist_artist
Skylar Grey,X Ambassadors,1,artist_artist
Don Omar,Plan B,3,artist_artist
Arcangel,Chris Jedi,3,artist_artist
Khalid,Swae Lee,1,artist_artist
Conor Maynard,Snoop Dogg,1,artist_artist
J Balvin,Selena Gomez,1,artist_artist
Khalid,Martin Garrix,2,artist_artist
Asees Kaur,Badshah,3,artist_artist
Alexis y Fido,Don Omar,2,artist_artist
Paul van Dyk,Vini Vici,1,artist_artist
Alan Walker,OneRepublic,1,artist_artist
Casper Magico,Ozuna,2,artist_artist
Ava Max,James Carter,1,artist_artist
Ariana Grande,Doja Cat,1,artist_artist
Kehlani,Zedd,2,artist_artist
Maluma,Sky Rompiendo,2,artist_artist
Selena Gomez,Zedd,1,artist_artist
Akon,Eminem,1,artist_artist
Arko,Atif Aslam,2,artist_artist
Dabin,SLANDER,4,artist_artist
A$AP Rocky,Selena Gomez,1,artist_artist
Michael Bublé,Nelly Furtado,1,artist_artist
J Balvin,Totoy El Frio,1,artist_artist
Justin Quiles,Yandel,2,artist_artist
R3HAB,Vini Vici,2,artist_artist
Shilpa Rao,Sunidhi Chauhan,1,artist_artist
Don Omar,Zion & Lennox,4,artist_artist
Arijit Singh,Salim–Sulaiman,2,artist_artist
Fiora,Jason Ross,1,artist_artist
Hozier,Maren Morris,1,artist_artist
Swedish House Mafia,Ty Dolla $ign,1,artist_artist
Daddy Yankee,Plan B,2,artist_artist
A7S,Tungevaag,1,artist_artist
Benny Dayal,Neeti Mohan,1,artist_artist
Daddy Yankee,Lil Jon,3,artist_artist
Benny Dayal,Tanishk Bagchi,1,artist_artist
Justin Bieber,Usher,8,artist_artist
Kailash Kher,Naresh Kamath,9,artist_artist
Arijit Singh,Nikhil D'Souza,2,artist_artist
Pritam,Shalmali Kholgade,2,artist_artist
James Blake,Metro Boomin,1,artist_artist
Pritam,Rahat Fateh Ali Khan,6,artist_artist
Pritam,Sukhwinder Singh,1,artist_artist
Armin van Buuren,The Killers,1,artist_artist
Porter Robinson,Totally Enormous Extinct Dinosaurs,1,artist_artist
Claire Ridgely,Dabin,1,artist_artist
Feid,Yandel,1,artist_artist
DCS,Paulina Rubio,1,artist_artist
Chelsea Cutler,Noah Kahan,2,artist_artist
Ozuna,Sech,2,artist_artist
Camilo,Shakira,1,artist_artist
Feid,Sky Rompiendo,6,artist_artist
Clean Bandit,Demi Lovato,3,artist_artist
Feid,Tainy,4,artist_artist
Maluma,Ozuna,1,artist_artist
Future,Rvssian,1,artist_artist
Salim Merchant,Salim–Sulaiman,8,artist_artist
Nacho,Nicky Jam,3,artist_artist
Becky G,KAROL G,2,artist_artist
Nikhil D'Souza,Pritam,5,artist_artist
Haze,Jhayco,1,artist_artist
Bad Bunny,De La Ghetto,1,artist_artist
BTS,Steve Aoki,5,artist_artist
Bebe Rexha,Florida Georgia Line,2,artist_artist
A7S,Lil Baby,2,artist_artist
Armin van Buuren,Philip Strand,1,artist_artist
Duke Dumont,Jax Jones,3,artist_artist
J Balvin,Sech,9,artist_artist
Cardi B,Selena Gomez,3,artist_artist
Gorgon City,Hayley May,1,artist_artist
David Guetta,French Montana,1,artist_artist
Shreya Ghoshal,Sukhwinder Singh,1,artist_artist
DJ Snake,Ozuna,7,artist_artist
JID,League of Legends,3,artist_artist
BIA,J Balvin,2,artist_artist
ROSALÍA,Sech,1,artist_artist
Demi Lovato,Speed Radio,2,artist_artist
Tego Calderón,Wisin & Yandel,1,artist_artist
Noriel,Zion & Lennox,2,artist_artist
Raimundos,Érica Martins,1,artist_artist
Adriatique,Mathame,1,artist_artist
Sean Paul,Stefflon Don,2,artist_artist
Blackstreet,Dr. Dre,1,artist_artist
Oriente,Raimundos,1,artist_artist
Gryffin,Kyle Reynolds,1,artist_artist
David Guetta,J Balvin,2,artist_artist
Jonas Brothers,Natti Natasha,2,artist_artist
Krewella,MOTi,1,artist_artist
Bad Bunny,Farruko,1,artist_artist
Ankur Tewari,The Ghalat Family,5,artist_artist
Becky G,Digital Farm Animals,1,artist_artist
Selena Gomez,Tainy,1,artist_artist
Beyoncé,Sean Paul,1,artist_artist
Conor Maynard,Hardwell,1,artist_artist
Anuel AA,Lunay,1,artist_artist
Ed Sheeran,Foy Vance,1,artist_artist
Badshah,J Balvin,1,artist_artist
Anitta,Chencho Corleone,1,artist_artist
Ozzy Osbourne,Rob Zombie,1,artist_artist
Lil Wayne,Ty Dolla $ign,1,artist_artist
Feid,Nicky Jam,3,artist_artist
Shankar,Sunidhi Chauhan,1,artist_artist
Shift K3Y,Tinashe,2,artist_artist
Eminem,Polo G,2,artist_artist
Cosmic Gate,Nathan Nicholson,1,artist_artist
Arjun Kanungo,Neha Kakkar,1,artist_artist
Casper Magico,Nio Garcia,3,artist_artist
Richa Sharma,Shankar Mahadevan,2,artist_artist
Alle Farben,Robin Schulz,1,artist_artist
Gryffin,Jason Ross,1,artist_artist
Big Sean,Katy Perry,1,artist_artist
BTS,Halsey,5,artist_artist
Brray,De La Ghetto,1,artist_artist
Miggy Dela Rosa,Oliver Heldens,1,artist_artist
DJ Snake,Selena Gomez,7,artist_artist
Ritviz,Seedhe Maut,3,artist_artist
Juanes,Nelly Furtado,1,artist_artist
Juan Magán,Maffio,2,artist_artist
Avneet Khurmi,Nucleya,2,artist_artist
Alan Walker,X Ambassadors,2,artist_artist
"Franco ""El Gorilla""",Jayko,1,artist_artist
Imanbek,Jay Sean,1,artist_artist
Charlie Puth,G-Eazy,1,artist_artist
Alan Walker,Benjamin Ingrosso,1,artist_artist
Sonu Nigam,Udit Narayan,2,artist_artist
Jhayco,Myke Towers,3,artist_artist
G-Eazy,Kehlani,1,artist_artist
Calum Scott,The Stickmen Project,4,artist_artist
Excision,ILLENIUM,4,artist_artist
KK,Shilpa Rao,1,artist_artist
Quavo,Travis Scott,1,artist_artist
Richa Sharma,Sonu Nigam,1,artist_artist
Jubin Nautiyal,Pritam,6,artist_artist
Arijit Singh,Badshah,3,artist_artist
Palak Muchhal,Shilpa Rao,1,artist_artist
Amaal Mallik,Badshah,3,artist_artist
Ed Sheeran,Fuse ODG,2,artist_artist
Digital Farm Animals,Macklemore,1,artist_artist
Luis Fonsi,Major Lazer,1,artist_artist
Arijit Singh,Neha Kakkar,5,artist_artist
Daddy Yankee,Zion & Lennox,2,artist_artist
Burna Boy,Popcaan,1,artist_artist
Nicky Jam,Nio Garcia,2,artist_artist
Gunna,NGHTMRE,1,artist_artist
AAKASH,Yashraj,1,artist_artist
Afrojack,David Guetta,6,artist_artist
Cavetown,Sara Kays,1,artist_artist
Justin Bieber,Major Lazer,1,artist_artist
DJ Snake,Darell,2,artist_artist
Arivu,Santhosh Narayanan,1,artist_artist
Armin van Buuren,Vini Vici,7,artist_artist
Ellie Goulding,Lauv,1,artist_artist
Daddy Yankee,Divino,1,artist_artist
Armin van Buuren,Nicky Romero,1,artist_artist
Jubin Nautiyal,Shreya Ghoshal,1,artist_artist
B Praak,Pritam,2,artist_artist
Mariah Angeliq,Mr. Vegas,2,artist_artist
FAST BOY,Yves V,1,artist_artist
Shreya Ghoshal,Sunidhi Chauhan,2,artist_artist
Meet Bros.,Pritam,2,artist_artist
Anthony Santos,Wisin & Yandel,2,artist_artist
Neha Kakkar,Sukriti Kakar,3,artist_artist
Joel Corry,KIDDO,1,artist_artist
Rashmi Virag,Tanishk Bagchi,2,artist_artist
Udit Narayan,Vishal Dadlani,1,artist_artist
Benny Dayal,Pritam,6,artist_artist
Dabin,Mokita,2,artist_artist
Da Tweekaz,Farruko,1,artist_artist
SG Lewis,Ty Dolla $ign,2,artist_artist
Yashraj,Zaeden,1,artist_artist
Luis Fonsi,Stefflon Don,1,artist_artist
Jennifer Lopez,Pitbull,1,artist_artist
Becky Hill,David Guetta,17,artist_artist
R3HAB,Timmy Trumpet,3,artist_artist
Lothika,Sickflip,1,artist_artist
HUGEL,J Balvin,1,artist_artist
Martin Garrix,Troye Sivan,3,artist_artist
Guaynaa,Lyanno,1,artist_artist
KSHMR,R3HAB,1,artist_artist
Keanu Silva,Post Malone,1,artist_artist
Hanita Bhambri,Raghav Meattle,1,artist_artist
EVAN GIIA,Gorgon City,1,artist_artist
Dalex,Justin Quiles,1,artist_artist
AKASA,Asees Kaur,1,artist_artist
John Martin,Topic,1,artist_artist
Alan Walker,Noah Cyrus,2,artist_artist
Calum Scott,Kygo,1,artist_artist
Mumuzinho,Thiaguinho,1,artist_artist
Belinda,Juanes,1,artist_artist
J Balvin,Willy William,4,artist_artist
Joel Corry,MNEK,6,artist_artist
Camilo,Juanes,1,artist_artist
Clean Bandit,Topic,2,artist_artist
Casper Magico,Jhayco,1,artist_artist
Antônio Carlos Jobim,João Gilberto,3,artist_artist
Fuse ODG,Sean Paul,1,artist_artist
Cali Y El Dandee,Danna Paola,2,artist_artist
Hanita Bhambri,Zaeden,2,artist_artist
Pedro Capó,Shakira,1,artist_artist
Calvin Harris,Pharrell Williams,5,artist_artist
Andrés Calamaro,Mau y Ricky,1,artist_artist
Alisha Chinai,Pritam,3,artist_artist
BTS,Juice WRLD,1,artist_artist
Raghu Dixit,Rakshita Suresh,1,artist_artist
Bad Bunny,ROSALÍA,1,artist_artist
Feid,J Balvin,4,artist_artist
Darell,Myke Towers,1,artist_artist
Enrique Iglesias,Usher,1,artist_artist
Amaal Mallik,Benny Dayal,1,artist_artist
KSHMR,Zafrir,4,artist_artist
Demi Lovato,Fall Out Boy,1,artist_artist
6LACK,Pink Sweat$,6,artist_artist
Anuel AA,Zion & Lennox,1,artist_artist
MOTi,OneRepublic,1,artist_artist
Afrojack,R3HAB,3,artist_artist
Shweta Mohan,Tanvi Shah,1,artist_artist
Jhayco,Tainy,1,artist_artist
Cheat Codes,Tinashe,1,artist_artist
De La Ghetto,Nicky Jam,1,artist_artist
Claire Ridgely,Said The Sky,1,artist_artist
A7S,Clean Bandit,11,artist_artist
Doja Cat,Ozuna,1,artist_artist
Habstrakt,NGHTMRE,1,artist_artist
Ozuna,Selena Gomez,3,artist_artist
Travis Barker,YUNGBLUD,1,artist_artist
Martin Garrix,Tove Lo,1,artist_artist
Joel Corry,Mabel,7,artist_artist
Lil Baby,Rvssian,1,artist_artist
Amaal Mallik,Sukriti Kakar,3,artist_artist
Gulzar,Rahat Fateh Ali Khan,1,artist_artist
Burna Boy,Justin Bieber,1,artist_artist
Arcangel,Mariah Angeliq,2,artist_artist
Bebe Rexha,Ty Dolla $ign,3,artist_artist
Kanye West,Travis Barker,1,artist_artist
Guaynaa,Sebastian Yatra,3,artist_artist
Mokita,TELYKast,1,artist_artist
Alok,MEDUZA,1,artist_artist
Jayko,Wisin & Yandel,1,artist_artist
Anuel AA,J Balvin,6,artist_artist
French Montana,Lil Wayne,1,artist_artist
Gryffin,ILLENIUM,2,artist_artist
Cardi B,Kehlani,3,artist_artist
Calvin Harris,John Newman,1,artist_artist
Anne-Marie,Gorgon City,1,artist_artist
Anitta,Rita Ora,3,artist_artist
Enrique Iglesias,Sean Paul,1,artist_artist
Shreya Ghoshal,Vishal Dadlani,1,artist_artist
Nusrat Fateh Ali Khan,Rahat Fateh Ali Khan,2,artist_artist
Dabin,Said The Sky,2,artist_artist
Digital Farm Animals,Noah Cyrus,2,artist_artist
Becky Hill,MEDUZA,5,artist_artist
Anirudh Ravichander,Vishal Dadlani,2,artist_artist
J Balvin,Maluma,4,artist_artist
Armin van Buuren,Hardwell,2,artist_artist
Burna Boy,Ed Sheeran,14,artist_artist
Camila Cabello,Quavo,1,artist_artist
PARTYNEXTDOOR,Popcaan,1,artist_artist
Daddy Yankee,Natalia Jiménez,1,artist_artist
Krewella,Yves V,1,artist_artist
Pharrell Williams,Swedish House Mafia,1,artist_artist
Adriatique,Swedish House Mafia,1,artist_artist
DCS,Juan Magán,1,artist_artist
Justin Bieber,Sean Paul,1,artist_artist
Demi Lovato,Lost Stories,1,artist_artist
Neha Kakkar,Udit Narayan,1,artist_artist
Shalmali Kholgade,Vishal Dadlani,1,artist_artist
Camilo,Pedro Capó,3,artist_artist
Alessia Cara,Mau y Ricky,1,artist_artist
A$AP Rocky,Alan Walker,1,artist_artist
PARTYNEXTDOOR,Wiz Khalifa,4,artist_artist
Dhruv Bhola,Nikhil Vasudevan,1,artist_artist
Anuel AA,Farruko,3,artist_artist
Ilkay Sencan,Yves V,1,artist_artist
Matanza,Pablo Chill-E,1,artist_artist
Arijit Singh,Atif Aslam,2,artist_artist
KAROL G,Quavo,1,artist_artist
Sooraj Santhosh,Yuvan Shankar Raja,2,artist_artist
De La Ghetto,Jason Derulo,11,artist_artist
Neha Kakkar,Tanishk Bagchi,8,artist_artist
Calvin Harris,David Guetta,1,artist_artist
Chico Science,Nação Zumbi,8,artist_artist
DIVINE,Karra,1,artist_artist
Arko,Rahat Fateh Ali Khan,1,artist_artist
A7S,Topic,14,artist_artist
BK,Djonga,2,artist_artist
YUNGBLUD,blackbear,1,artist_artist
DJ Snake,Lil Jon,2,artist_artist
Scooter,Timmy Trumpet,1,artist_artist
Gulzar,Shankar,5,artist_artist
MC Hariel,Maneva,1,artist_artist
Nucleya,Sublahshini,1,artist_artist
Meet Bros.,Neha Kakkar,2,artist_artist
Anne-Marie,Lauv,1,artist_artist
Jax Jones,Jess Glynne,1,artist_artist
Krewella,SLANDER,1,artist_artist
Alok,INNA,1,artist_artist
Lothika,OAFF,9,artist_artist
Don Omar,Nio Garcia,1,artist_artist
Cardi B,J Balvin,2,artist_artist
Alejandro Sanz,Sebastian Yatra,1,artist_artist
Benny Dayal,Sukriti Kakar,1,artist_artist
G-Eazy,Sasha Alex Sloan,1,artist_artist
Arko,Neha Kakkar,2,artist_artist
Alle Farben,Martin Garrix,1,artist_artist
Lil Peep,Marshmello,1,artist_artist
Bad Bunny,Rauw Alejandro,1,artist_artist
Future,Young Thug,8,artist_artist
Amit Trivedi,Sunidhi Chauhan,3,artist_artist
Maria Becerra,Mariah Angeliq,4,artist_artist
Don Omar,Tego Calderón,1,artist_artist
Farruko,ROSALÍA,1,artist_artist
J Balvin,KAROL G,6,artist_artist
DJ Snake,Natti Natasha,2,artist_artist
Harshdeep Kaur,Kailash Kher,1,artist_artist
Jhené Aiko,Sean Paul,1,artist_artist
ILLENIUM,Krewella,1,artist_artist
Jennifer Lopez,Pedro Capó,1,artist_artist
Claptone,Nathan Nicholson,2,artist_artist
KK,Shreya Ghoshal,1,artist_artist
Joel Corry,Robin Schulz,1,artist_artist
Justin Quiles,Robin Schulz,9,artist_artist
Kygo,The Chainsmokers,1,artist_artist
Chencho Corleone,Chris Jedi,9,artist_artist
Bad Bunny,Tainy,7,artist_artist
Frank Ocean,Migos,1,artist_artist
Mau y Ricky,Sebastian Yatra,4,artist_artist
Arcangel,Darell,3,artist_artist
De La Ghetto,Myke Towers,1,artist_artist
Arcangel,Chencho Corleone,1,artist_artist
J Balvin,Reik,4,artist_artist
Bad Bunny,Cardi B,2,artist_artist
Juice WRLD,Marshmello,2,artist_artist
DJ Snake,Major Lazer,1,artist_artist
David Guetta,Little Mix,1,artist_artist
Amit Trivedi,Atif Aslam,1,artist_artist
Andrés Calamaro,Ivan Ferreiro,1,artist_artist
Noah Cyrus,Ookay,1,artist_artist
Anuel AA,Rvssian,1,artist_artist
MEDUZA,SHELLS,1,artist_artist
Dimitri Vegas,R3HAB,1,artist_artist
Richa Sharma,Sunidhi Chauhan,1,artist_artist
Casper Magico,Mariah Angeliq,3,artist_artist
Marcelo Nova,Raul Seixas,1,artist_artist
Louis The Child,RAC,1,artist_artist
Neeti Mohan,Sonu Nigam,2,artist_artist
Black V Neck,Muni Long,4,artist_artist
ILLENIUM,Marshmello,1,artist_artist
5 Seconds of Summer,ONE OK ROCK,1,artist_artist
Kavita Seth,Lost Stories,1,artist_artist
Bad Bunny,Drake,4,artist_artist
Pritam,Sunidhi Chauhan,15,artist_artist
Darell,Natti Natasha,2,artist_artist
Payal Dev,Pritam,1,artist_artist
Jax Jones,Saweetie,1,artist_artist
Alejandro Sanz,Andrés Calamaro,2,artist_artist
Justin Bieber,Luis Fonsi,5,artist_artist
Daddy Yankee,Wisin,2,artist_artist
Armaan Malik,Sukriti Kakar,1,artist_artist
ILLENIUM,Said The Sky,9,artist_artist
Maria Becerra,Zion & Lennox,1,artist_artist
Marcelo D2,Nação Zumbi,1,artist_artist
Hozier,MEDUZA,2,artist_artist
Sean Paul,Sia,6,artist_artist
Ellie Goulding,Sean Paul,1,artist_artist
Shankar Mahadevan,Sonu Nigam,2,artist_artist
INNA,Sean Paul,1,artist_artist
Dimitri Vegas,Regard,1,artist_artist
Amit Trivedi,Arijit Singh,3,artist_artist
B Praak,Badshah,1,artist_artist
Neeti Mohan,Pritam,1,artist_artist
Andrés Calamaro,Camilo,1,artist_artist
Julia Michaels,Lauv,1,artist_artist
KSHMR,Luciana,1,artist_artist
Jason Ross,MitiS,2,artist_artist
Aleks Syntek,Shakira,1,artist_artist
Gulzar,Sonu Nigam,2,artist_artist
Cali Y El Dandee,Sak Noel,1,artist_artist
MKLA,Zeds Dead,2,artist_artist
Shreya Ghoshal,Sonu Nigam,9,artist_artist
Axwell,Sebastian Ingrosso,1,artist_artist
Burna Boy,Wizkid,8,artist_artist
Anirudh Ravichander,Hiphop Tamizha,3,artist_artist
Becky G,Sean Paul,2,artist_artist
Khalid,Marshmello,6,artist_artist
Brray,Randy,1,artist_artist
ILLENIUM,William Black,1,artist_artist
OneRepublic,Seeb,2,artist_artist
Martin Garrix,Tiësto,2,artist_artist
Amit Trivedi,Neha Kakkar,2,artist_artist
Amaal Mallik,Palak Muchhal,3,artist_artist
Meet Bros.,Tanishk Bagchi,1,artist_artist
Ty Dolla $ign,Wizkid,1,artist_artist
FKA twigs,The Weeknd,9,artist_artist
Salim–Sulaiman,Sunidhi Chauhan,8,artist_artist
Faithless,Maceo Plex,2,artist_artist
Ankur Tewari,Dhruv Bhola,1,artist_artist
Sid Sriram,Yuvan Shankar Raja,7,artist_artist
OAFF,Sickflip,1,artist_artist
Greeicy,Mariah Angeliq,1,artist_artist
Dua Lipa,Oliver Heldens,1,artist_artist
Chencho Corleone,Randy,1,artist_artist
Seeb,Tove Lo,1,artist_artist
Alok,Goodboys,1,artist_artist
RANDALL,Yves V,1,artist_artist
Jasleen Royal,Romy,3,artist_artist
Arijit Singh,Shilpa Rao,8,artist_artist
Prezioso,R3HAB,1,artist_artist
Armin van Buuren,Zafrir,2,artist_artist
Dhruv Bhola,Prateek Kuhad,1,artist_artist
Asees Kaur,Jubin Nautiyal,5,artist_artist
Becky Hill,Goodboys,5,artist_artist
Ilkay Sencan,Tove Lo,1,artist_artist
Greeicy,Sean Paul,1,artist_artist
Daddy Yankee,El Alfa,2,artist_artist
BTS,Charlie Puth,3,artist_artist
KSHMR,Sak Noel,1,artist_artist
Krewella,Yellow Claw,2,artist_artist
Jon Bellion,Zedd,1,artist_artist
Aleks Syntek,Enrique Iglesias,1,artist_artist
Atif Aslam,Shreya Ghoshal,5,artist_artist
KIDDO,Robin Schulz,3,artist_artist
Natti Natasha,R3HAB,1,artist_artist
Manuel Turizo,Ozuna,1,artist_artist
James Blake,Travis Scott,1,artist_artist
DIVINE,LIT killah,1,artist_artist
JP Cooper,R3HAB,1,artist_artist
Danna Paola,Morat,3,artist_artist
Don Diablo,Imanbek,1,artist_artist
Major Lazer,Nucleya,2,artist_artist
Gregory Porter,Royal Philharmonic Orchestra,1,artist_artist
Chencho Corleone,Ozuna,2,artist_artist
Regard,Troye Sivan,1,artist_artist
Anuel AA,Tainy,1,artist_artist
Bad Bunny,Yandel,2,artist_artist
ILLENIUM,Sam Feldt,2,artist_artist
Bryant Myers,Nio Garcia,1,artist_artist
The Chainsmokers,Tiësto,1,artist_artist
Alesso,Matthew Koma,1,artist_artist
Chelsea Cutler,ILLENIUM,2,artist_artist
Hardwell,Krewella,1,artist_artist
Daddy Yankee,Sebastian Yatra,2,artist_artist
Nicky Jam,Wisin & Yandel,1,artist_artist
NGHTMRE,SLANDER,4,artist_artist
Swae Lee,Tove Lo,1,artist_artist
Farruko,Ozuna,2,artist_artist
Marshmello,Ookay,1,artist_artist
David Guetta,Sia,2,artist_artist
Armin van Buuren,Dylan Matthew,2,artist_artist
Casper Magico,Nicky Jam,2,artist_artist
French Montana,Stefflon Don,1,artist_artist
Martin Garrix,Sasha Alex Sloan,2,artist_artist
Alle Farben,PollyAnna,2,artist_artist
Justin Bieber,Quavo,1,artist_artist
Gunna,Metro Boomin,1,artist_artist
Holly Walker,Maribou State,5,artist_artist
Ed Sheeran,Joel Corry,2,artist_artist
Ellie Goulding,Kygo,1,artist_artist
Amit Trivedi,Jasleen Royal,1,artist_artist
Camila Cabello,Young Thug,1,artist_artist
Anitta,DJ Snake,2,artist_artist
Sam Feldt,Sean Paul,1,artist_artist
Shilpa Rao,Sonu Nigam,1,artist_artist
Ben Böhmer,Nils Hoffmann,4,artist_artist
Kygo,Sasha Alex Sloan,2,artist_artist
Lost Stories,Nikhita Gandhi,1,artist_artist
CNCO,Little Mix,2,artist_artist
Amitabh Bhattacharya,Jonita Gandhi,3,artist_artist
Kausar Munir,Udit Narayan,1,artist_artist
Alle Farben,HUGEL,1,artist_artist
GAMPER & DADONI,ILIRA,1,artist_artist
De La Ghetto,Joey Montana,1,artist_artist
Ty Dolla $ign,Tyga,1,artist_artist
J Balvin,Jhayco,8,artist_artist
CNCO,Yandel,1,artist_artist
Sachin-Jigar,Vishal Dadlani,1,artist_artist
Claptone,Nora En Pure,2,artist_artist
Boy In Space,K-391,1,artist_artist
Nikhita Gandhi,Pritam,5,artist_artist
Anirudh Ravichander,Arivu,1,artist_artist
Metro Boomin,Travis Scott,1,artist_artist
Emie,Ilkay Sencan,1,artist_artist
G-Eazy,Tory Lanez,2,artist_artist
Justin Quiles,Maluma,3,artist_artist
Bebe Rexha,David Guetta,17,artist_artist
Future,Stefflon Don,1,artist_artist
Jonas Blue,William Singe,6,artist_artist
R3HAB,SLANDER,1,artist_artist
Anne-Marie,Just Kiddin,2,artist_artist
DJ Snake,Migos,1,artist_artist
Armin van Buuren,SLANDER,2,artist_artist
Erasmo Carlos,Marisa Monte,3,artist_artist
Anirudh Ravichander,Pritam,2,artist_artist
Juicy J,Snoop Dogg,1,artist_artist
Raaban,Tungevaag,3,artist_artist
Benny Dayal,Neha Kakkar,1,artist_artist
Farruko,Wisin,1,artist_artist
Martin Garrix,Usher,1,artist_artist
Nikhita Gandhi,Sachin-Jigar,1,artist_artist
Mustard,Yellow Claw,1,artist_artist
Benny Dayal,Shreya Ghoshal,1,artist_artist
James Bay,Marshmello,2,artist_artist
Georgia Ku,Robin Schulz,3,artist_artist
Jax Jones,Tove Lo,1,artist_artist
B Praak,Tanishk Bagchi,1,artist_artist
Marcelo D2,Zeca Pagodinho,1,artist_artist
Alle Farben,ILIRA,2,artist_artist
John Williams,London Symphony Orchestra,1,artist_artist
DJ Snake,Disciples,1,artist_artist
Sachin-Jigar,Shreya Ghoshal,1,artist_artist
Chris Brown,Rvssian,1,artist_artist
Ozuna,Shakira,1,artist_artist
DJ Shadow,Mos Def,2,artist_artist
Atif Aslam,Tanishk Bagchi,1,artist_artist
Stefflon Don,Tory Lanez,1,artist_artist
Alan Walker,Farruko,3,artist_artist
Anne-Marie,Tion Wayne,3,artist_artist
Salim–Sulaiman,Sukhwinder Singh,2,artist_artist
Justin Bieber,Marshmello,1,artist_artist
Halsey,Justin Timberlake,3,artist_artist
Blanke,Zeds Dead,1,artist_artist
Sean Paul,Tove Lo,2,artist_artist
Dimitri Vegas,Vini Vici,1,artist_artist
Lost Stories,Marshmello,1,artist_artist
Marshmello,Selena Gomez,1,artist_artist
Clairo,SG Lewis,1,artist_artist
Andrés Calamaro,Sebastian Yatra,2,artist_artist
Ariana Grande,Nicki Minaj,1,artist_artist
Neeti Mohan,Salim Merchant,1,artist_artist
Nile Rodgers,Oliver Heldens,2,artist_artist
Marshmello,blackbear,1,artist_artist
Doja Cat,Tove Lo,1,artist_artist
Clean Bandit,Jess Glynne,5,artist_artist
Jubin Nautiyal,Payal Dev,9,artist_artist
Badshah,Fuse ODG,1,artist_artist
Arijit Singh,Benny Dayal,1,artist_artist
Justin Quiles,Konshens,1,artist_artist
Badshah,Pritam,2,artist_artist
Anuel AA,Juice WRLD,1,artist_artist
DaBaby,Jack Harlow,2,artist_artist
Anuel AA,Jhayco,16,artist_artist
Romy,Sonu Nigam,2,artist_artist
Nacho,Yandel,4,artist_artist
Alan Walker,VIZE,1,artist_artist
Farruko,Sabrina Carpenter,3,artist_artist
J Balvin,Randy,1,artist_artist
Jeremy Oceans,KSHMR,2,artist_artist
Calvin Harris,Sam Smith,2,artist_artist
Demi Lovato,We The Kings,1,artist_artist
Justin Bieber,Wizkid,2,artist_artist
Academy of St. Martin in the Fields,Sir Neville Marriner,24,artist_artist
Machine Gun Kelly,blackbear,2,artist_artist
Neha Kakkar,Payal Dev,1,artist_artist
Cardi B,DJ Snake,3,artist_artist
Aleesia,Martin Garrix,2,artist_artist
Ilkay Sencan,Vintage Culture,1,artist_artist
Alok,Ilkay Sencan,1,artist_artist
Anvita Dutt,Romy,3,artist_artist
Felix Jaehn,Miss Li,2,artist_artist
Jay Sean,Lil Wayne,1,artist_artist
Papa Roach,Sullivan King,1,artist_artist
FAST BOY,Martin Jensen,1,artist_artist
Ed Sheeran,R3HAB,1,artist_artist
J Balvin,Skrillex,4,artist_artist
John Martin,Sebastian Ingrosso,1,artist_artist
Chris Brown,Tyga,1,artist_artist
Charli XCX,Troye Sivan,1,artist_artist
KAROL G,Mariah Angeliq,8,artist_artist
Akanksha Bhandari,Zaeden,1,artist_artist
Taylor Swift,ZAYN,1,artist_artist
ARTBAT,David Guetta,1,artist_artist
Armaan Malik,Neha Kakkar,1,artist_artist
6LACK,Calvin Harris,1,artist_artist
Belinda,Shakira,1,artist_artist
Pete Tong,Tale Of Us,1,artist_artist
Lauana Prado,Leo Santana,1,artist_artist
David Guetta,Ty Dolla $ign,3,artist_artist
Dia Frampton,ILLENIUM,1,artist_artist
Beyoncé,J Balvin,1,artist_artist
Marshmello,Trippie Redd,1,artist_artist
Dragonette,Zeds Dead,1,artist_artist
Ben Böhmer,Stephan Bodzin,3,artist_artist
Amitabh Bhattacharya,Benny Dayal,3,artist_artist
Adriatique,The Weeknd,1,artist_artist
Bebe Rexha,Lil Wayne,1,artist_artist
Burna Boy,Polo G,1,artist_artist
Justin Bieber,R3HAB,1,artist_artist
Rashmeet Kaur,Sachin-Jigar,2,artist_artist
Leo Stannard,Nils Hoffmann,2,artist_artist
Alka Yagnik,Arko,1,artist_artist
Jon Bellion,SLANDER,1,artist_artist
A.R. Rahman,Jubin Nautiyal,1,artist_artist
John Williams,Philharmonia Orchestra,1,artist_artist
Demi Lovato,Marshmello,4,artist_artist
Farruko,J Balvin,2,artist_artist
BTS,Lauv,2,artist_artist
Jhené Aiko,Ty Dolla $ign,1,artist_artist
Gucci Mane,Quavo,1,artist_artist
Farruko,Pedro Capó,1,artist_artist
Arko,Sunidhi Chauhan,1,artist_artist
Armaan Malik,Lost Stories,1,artist_artist
Camila Cabello,Luis Fonsi,1,artist_artist
Shankar,Udit Narayan,1,artist_artist
Ben Böhmer,Worakls,2,artist_artist
Mame Khan,Shankar Mahadevan,1,artist_artist
Bad Bunny,Lunay,1,artist_artist
Mustard,Ty Dolla $ign,4,artist_artist
KAROL G,Luis Fonsi,2,artist_artist
Calvin Harris,R3HAB,1,artist_artist
Eminem,Juice WRLD,1,artist_artist
David Guetta,Farruko,2,artist_artist
Jessie Reyez,Sam Smith,1,artist_artist
Juanes,Sebastian Yatra,1,artist_artist
RANI,Sam Feldt,3,artist_artist
Badshah,Jonita Gandhi,2,artist_artist
Rauw Alejandro,Shakira,1,artist_artist
Kausar Munir,Shreya Ghoshal,1,artist_artist
Amitabh Bhattacharya,Kavita Seth,2,artist_artist
Big Sean,Calvin Harris,2,artist_artist
Alisha Chinai,Shankar,1,artist_artist
Channel Tres,Tove Lo,1,artist_artist
Nacho,Ozuna,1,artist_artist
Karra,LIT killah,1,artist_artist
"Franco ""El Gorilla""",Wisin & Yandel,2,artist_artist
Clara Mae,gnash,1,artist_artist
Macklemore,Tiësto,1,artist_artist
Alida,Robin Schulz,3,artist_artist
Eminem,Skylar Grey,5,artist_artist
DJ Snake,Marshmello,1,artist_artist
Calvin Harris,Migos,1,artist_artist
Atif Aslam,Shilpa Rao,1,artist_artist
Darell,Nio Garcia,2,artist_artist
Camila Cabello,DaBaby,1,artist_artist
Pritam,Shreya Ghoshal,16,artist_artist
Macklemore,Martin Garrix,2,artist_artist
Eric Clapton,John Mayer,1,artist_artist
Nikhita Gandhi,Pink Sweat$,1,artist_artist
Bad Bunny,Quavo,1,artist_artist
MC Hariel,Rael,1,artist_artist
Chris Jedi,J Balvin,3,artist_artist
Nelly Furtado,Speed Radio,1,artist_artist
Farruko,Tiësto,2,artist_artist
Tove Lo,Wiz Khalifa,1,artist_artist
Roop Kumar Rathod,Yuvan Shankar Raja,2,artist_artist
Anuel AA,Chencho Corleone,9,artist_artist
Chris Jedi,Ozuna,5,artist_artist
Conor Maynard,Sam Feldt,2,artist_artist
Palak Muchhal,Sunidhi Chauhan,1,artist_artist
Diplo,Swae Lee,4,artist_artist
Arko,Payal Dev,1,artist_artist
Mustard,Wiz Khalifa,1,artist_artist
KK,Pritam,26,artist_artist
John De Sohn,Rasmus Hagen,4,artist_artist
Charli XCX,Tiësto,19,artist_artist
Anitta,Tyga,2,artist_artist
Don Omar,Lucenzo,8,artist_artist
Bruno Martini,Dragonette,2,artist_artist
Feid,Maluma,5,artist_artist
Alan Walker,KIDDO,1,artist_artist
Atif Aslam,Shalmali Kholgade,1,artist_artist
Alejandro Sanz,TINI,1,artist_artist
Conor Maynard,RANI,1,artist_artist
Rahat Fateh Ali Khan,Salim–Sulaiman,3,artist_artist
Arivu,Yuvan Shankar Raja,1,artist_artist
Diplo,Kareen Lomax,2,artist_artist
Sebastian Yatra,Wisin,1,artist_artist
Krewella,RANDALL,1,artist_artist
Pharrell Williams,Young Thug,1,artist_artist
Gryffin,Kygo,1,artist_artist
J Balvin,Nicky Jam,12,artist_artist
Cali Y El Dandee,Shaggy,1,artist_artist
Don Omar,Wisin & Yandel,1,artist_artist
Alle Farben,KIDDO,1,artist_artist
Armin van Buuren,The Stickmen Project,3,artist_artist
Danna Paola,Yera,2,artist_artist
Calvin Harris,Young Thug,3,artist_artist
Marshmello,R3HAB,1,artist_artist
Excision,SLANDER,1,artist_artist
Ty Dolla $ign,Wiz Khalifa,4,artist_artist
Eric Clapton,Ozzy Osbourne,1,artist_artist
Lil Wayne,Tory Lanez,2,artist_artist
Amaal Mallik,Arijit Singh,5,artist_artist
Chris Brown,T-Pain,6,artist_artist
Gulzar,Shankar Mahadevan,2,artist_artist
Mustard,Tyga,1,artist_artist
HRVY,R3HAB,2,artist_artist
ILLENIUM,Thirty Seconds To Mars,2,artist_artist
Palak Muchhal,Udit Narayan,1,artist_artist
Ty Dolla $ign,Zara Larsson,1,artist_artist
Anne-Marie,Clean Bandit,6,artist_artist
Astrid S,HRVY,1,artist_artist
Chri$tian Gate$,Royal & the Serpent,1,artist_artist
Charli XCX,Icona Pop,8,artist_artist
Hayley Williams,Zedd,3,artist_artist
Amit Trivedi,Arko,1,artist_artist
Arko,Jubin Nautiyal,2,artist_artist
Lil Wayne,Nicki Minaj,1,artist_artist
Reik,Sebastian Yatra,1,artist_artist
Camila Cabello,J Balvin,2,artist_artist
Lauv,blackbear,1,artist_artist
Asees Kaur,Nucleya,1,artist_artist
Bad Bunny,Marciano Cantero,9,artist_artist
Jaideep Sahni,Sachin-Jigar,1,artist_artist
Hardwell,Tiësto,1,artist_artist
Lennon Stella,Liam Payne,1,artist_artist
Chris Brown,Rauw Alejandro,1,artist_artist
Alexis y Fido,Yandel,1,artist_artist
Halsey,YUNGBLUD,1,artist_artist
Maneva,Oriente,1,artist_artist
Camila Cabello,Jennifer Lopez,1,artist_artist
Jonas Blue,Lennon Stella,1,artist_artist
Alejandro Sanz,Enrique Iglesias,1,artist_artist
Hardwell,Trevor Guthrie,1,artist_artist
Future,J Balvin,1,artist_artist
Dragonette,The Knocks,1,artist_artist
Charlie Puth,Wiz Khalifa,3,artist_artist
Daddy Yankee,Nina Sky,1,artist_artist
Bryant Myers,Lyanno,6,artist_artist
Arko,Armaan Malik,1,artist_artist
Jasleen Royal,Prateek Kuhad,2,artist_artist
Juanes,Shakira,5,artist_artist
DJ Snake,ZHU,1,artist_artist
ROZES,The Chainsmokers,1,artist_artist
Karthik,Pritam,1,artist_artist
Adam Levine,Jack Harlow,1,artist_artist
Drake,Travis Scott,1,artist_artist
Aleks Syntek,Belinda,1,artist_artist
Caetano Veloso,João Gilberto,1,artist_artist
Lost Stories,Yashraj,2,artist_artist
Demi Lovato,Stefflon Don,1,artist_artist
Ellie Goulding,Swae Lee,4,artist_artist
Maria Rita,Thiaguinho,1,artist_artist
ROSALÍA,Travis Scott,1,artist_artist
FKA twigs,Rema,1,artist_artist
Katy Perry,Zedd,2,artist_artist
Avicii,Rita Ora,2,artist_artist
6LACK,Ty Dolla $ign,1,artist_artist
Don Diablo,Zara Larsson,1,artist_artist
KAROL G,Tiësto,5,artist_artist
J Balvin,Marciano Cantero,9,artist_artist
Post Malone,Ty Dolla $ign,6,artist_artist
Lil Jon,Pitbull,1,artist_artist
Demi Lovato,Luis Fonsi,4,artist_artist
Amaal Mallik,Neha Kakkar,3,artist_artist
Felix Jaehn,Jordan Shaw,3,artist_artist
24kGoldn,blackbear,1,artist_artist
Ferrugem,Thiaguinho,3,artist_artist
Hiphop Tamizha,Yuvan Shankar Raja,2,artist_artist
Alesso,James Bay,2,artist_artist
Alida,Alok,1,artist_artist
Eminem,Lil Jon,1,artist_artist
Shankar,Shankar Mahadevan,2,artist_artist
Alka Yagnik,Pritam,1,artist_artist
"Franco ""El Gorilla""",Tego Calderón,1,artist_artist
Afrojack,Muni Long,4,artist_artist
Becky Hill,Tiësto,1,artist_artist
Alle Farben,FAST BOY,1,artist_artist
Maceo Plex,Solomun,1,artist_artist
Bad Bunny,El Alfa,1,artist_artist
Andrés Calamaro,Leiva,1,artist_artist
Anirudh Ravichander,Roop Kumar Rathod,1,artist_artist
Juan Magán,Yera,1,artist_artist
Luis Fonsi,Manuel Turizo,2,artist_artist
R3HAB,Zara Larsson,1,artist_artist
Becky G,Burna Boy,1,artist_artist
ILLENIUM,iann dior,4,artist_artist
Alesso,OneRepublic,5,artist_artist
Joey Montana,Juan Magán,1,artist_artist
BaianaSystem,Pitty,1,artist_artist
Ariana Grande,The Weeknd,1,artist_artist
Foy Vance,ILLENIUM,1,artist_artist
Dabin,Dia Frampton,1,artist_artist
Jhené Aiko,Mustard,1,artist_artist
Juicy J,Yellow Claw,1,artist_artist
Arijit Singh,Asees Kaur,5,artist_artist
Marshmello,Megan Thee Stallion,2,artist_artist
Farruko,Sech,1,artist_artist
Jess Glynne,Rudimental,6,artist_artist
Bryant Myers,Jhayco,2,artist_artist
De La Ghetto,Justin Quiles,1,artist_artist
Alok,Ellie Goulding,1,artist_artist
DJ Snake,Dhee,1,artist_artist
A$AP Rocky,Swedish House Mafia,1,artist_artist
DaBaby,TroyBoi,1,artist_artist
Kiana Ledé,Ty Dolla $ign,1,artist_artist
Andrés Calamaro,Juanes,2,artist_artist
Diplo,Kid Ink,1,artist_artist
Karthik,Yuvan Shankar Raja,5,artist_artist
A$AP Rocky,Cardi B,1,artist_artist
Alok,Dylan Matthew,1,artist_artist
FKA twigs,Skrillex,3,artist_artist
Payal Dev,Tanishk Bagchi,1,artist_artist
Sasha,Sean Paul,2,artist_artist
Dimitri Vegas,Kiiara,1,artist_artist
Dynoro,Ilkay Sencan,1,artist_artist
MKLA,Vintage Culture,1,artist_artist
Empire of the Sun,Eric Prydz,4,artist_artist
Mokita,R3HAB,1,artist_artist
AKASA,Badshah,1,artist_artist
Calvin Harris,Dua Lipa,7,artist_artist
Jubin Nautiyal,Shashwat Sachdev,1,artist_artist
Arijit Singh,Shreya Ghoshal,12,artist_artist
Anvita Dutt,Pritam,2,artist_artist
ILIRA,Yves V,1,artist_artist
Kailash Kher,Sukhwinder Singh,1,artist_artist
Halsey,Juice WRLD,2,artist_artist
Oliver Heldens,Purple Disco Machine,1,artist_artist
DJ Snake,Hayley Williams,1,artist_artist
Salim–Sulaiman,Sonu Nigam,4,artist_artist
DJ Snake,R3HAB,1,artist_artist
Harshdeep Kaur,Pritam,3,artist_artist
Arijit Singh,Jonita Gandhi,11,artist_artist
Mala Rodríguez,Stylo G,1,artist_artist
Bad Bunny,Julieta Venegas,1,artist_artist
Ariana Grande,Pharrell Williams,1,artist_artist
Eric 'ET' Thorngren,Robert Palmer,2,artist_artist
Chris Lorenzo,LP Giobbi,1,artist_artist
Mr. Vegas,Sean Paul,1,artist_artist
Bad Bunny,Becky G,3,artist_artist
Pink Sweat$,Tori Kelly,4,artist_artist
Stephan Bodzin,Tale Of Us,1,artist_artist
Tory Lanez,Tyga,2,artist_artist
Rita Ora,Tiësto,4,artist_artist
Jack Harlow,Tory Lanez,2,artist_artist
Adriatique,Tale Of Us,1,artist_artist
Arijit Singh,Neeti Mohan,4,artist_artist
Badshah,Vishal Dadlani,2,artist_artist
Big Sean,Jack Harlow,2,artist_artist
Ferrugem,Rael,1,artist_artist
Atif Aslam,Sonu Nigam,1,artist_artist
Khalid,Tiësto,1,artist_artist
Arjun Kanungo,King,1,artist_artist
James Hype,Pia Mia,4,artist_artist
